threshold,mode,hold_hours,cost,trend_filter_abs_24h,n,win_rate,avg,median,std,sum
0.05,raw,1,0.0004,none,3689,0.46245595012198426,-0.0002209907290575746,-0.0004,0.00724868630430922,-0.8152347994933927
0.05,raw,1,0.0004,0.02,1913,0.4511238891792995,-0.0003054767133215084,-0.00043957647310581793,0.006387397153687503,-0.5843769525840457
0.05,raw,1,0.0006,none,3689,0.44754676063973975,-0.0004209907290575808,-0.0006,0.00724868630430922,-1.5530347994934155
0.05,raw,1,0.0006,0.02,1913,0.43230527966544696,-0.0005054767133215218,-0.0006395764731058179,0.006387397153687503,-0.9669769525840712
0.05,raw,1,0.0008,none,3689,0.43155326646787745,-0.0006209907290575582,-0.0008,0.00724868630430922,-2.2908347994933322
0.05,raw,1,0.0008,0.02,1913,0.41662310507056977,-0.0007054767133215085,-0.000839576473105818,0.006387397153687503,-1.3495769525840458
0.05,raw,4,0.0004,none,3689,0.4768229872594199,-0.0002408619211156568,-0.000521436349137638,0.014355496522863415,-0.8885396269956579
0.05,raw,4,0.0004,0.02,1913,0.47412441191845267,-3.21527717406869e-05,-0.0005489992571322984,0.012152242248092996,-0.06150825233993404
0.05,raw,4,0.0006,none,3689,0.46706424505285987,-0.0004408619211156638,-0.000721436349137638,0.014355496522863415,-1.6263396269956838
0.05,raw,4,0.0006,0.02,1913,0.4647151071615264,-0.00023215277174068512,-0.0007489992571322984,0.012152242248092996,-0.4441082523399306
0.05,raw,4,0.0008,none,3689,0.45811873136351317,-0.0006408619211156494,-0.000921436349137638,0.014355496522863415,-2.3641396269956307
0.05,raw,4,0.0008,0.02,1913,0.45426032409827494,-0.00043215277174069684,-0.0009489992571322985,0.012152242248092996,-0.826708252339953
0.05,raw,24,0.0004,none,3685,0.4814111261872456,-0.0005184983720413385,-0.001018223028151288,0.034034179379120566,-1.9106665009723325
0.05,raw,24,0.0004,0.02,1912,0.47384937238493724,-0.0008891410507191071,-0.0013535290725812273,0.029399597850150467,-1.7000376889749327
0.05,raw,24,0.0006,none,3685,0.47842605156037993,-0.000718498372041346,-0.0012182230281512878,0.034034179379120566,-2.64766650097236
0.05,raw,24,0.0006,0.02,1912,0.47175732217573224,-0.00108914105071912,-0.0015535290725812272,0.029399597850150467,-2.082437688974957
0.05,raw,24,0.0008,none,3685,0.47489823609226595,-0.000918498372041334,-0.0014182230281512879,0.034034179379120566,-3.384666500972316
0.05,raw,24,0.0008,0.02,1912,0.46914225941422594,-0.001289141050719107,-0.0017535290725812273,0.029399597850150467,-2.464837688974933
0.05,raw,48,0.0004,none,3685,0.4909090909090909,-0.0006650271552623067,-0.0007959980200098911,0.04549590204240194,-2.4506250671416003
0.05,raw,48,0.0004,0.02,1912,0.4827405857740586,-0.0012857161832390113,-0.0013126471845629646,0.042529671104374264,-2.4582893423529897
0.05,raw,48,0.0006,none,3685,0.48792401628222526,-0.0008650271552623169,-0.000995998020009891,0.04549590204240194,-3.1876250671416377
0.05,raw,48,0.0006,0.02,1912,0.4801255230125523,-0.00148571618323901,-0.0015126471845629645,0.042529671104374264,-2.840689342352987
0.05,raw,48,0.0008,none,3685,0.4852103120759837,-0.001065027155262302,-0.001195998020009891,0.04549590204240194,-3.924625067141583
0.05,raw,48,0.0008,0.02,1912,0.4769874476987448,-0.0016857161832389991,-0.0017126471845629646,0.042529671104374264,-3.2230893423529663
0.05,alternating,1,0.0004,none,2720,0.4672794117647059,-0.00016973444412831247,-0.00038290251597315994,0.007515444930460702,-0.4616776880290099
0.05,alternating,1,0.0004,0.02,1358,0.46023564064801176,-0.0001847607774706267,-0.00039394966411664367,0.006605562755865706,-0.2509051358051111
0.05,alternating,1,0.0006,none,2720,0.45330882352941176,-0.00036973444412831673,-0.0005829025159731599,0.007515444930460702,-1.0056776880290215
0.05,alternating,1,0.0006,0.02,1358,0.44329896907216493,-0.0003847607774706182,-0.0005939496641166436,0.006605562755865706,-0.5225051358050995
0.05,alternating,1,0.0008,none,2720,0.43566176470588236,-0.0005697344441283007,-0.00078290251597316,0.007515444930460702,-1.5496776880289778
0.05,alternating,1,0.0008,0.02,1358,0.42857142857142855,-0.0005847607774706376,-0.0007939496641166437,0.006605562755865706,-0.7941051358051259
0.05,alternating,4,0.0004,none,2720,0.47316176470588234,-0.00029186733251714675,-0.0006148484135796602,0.014717214627954197,-0.7938791444466392
0.05,alternating,4,0.0004,0.02,1358,0.47790868924889546,5.024704326870833e-05,-0.0005471036544593573,0.012508220663000558,0.06823548475890591
0.05,alternating,4,0.0006,none,2720,0.46397058823529413,-0.000491867332517154,-0.0008148484135796602,0.014717214627954197,-1.337879144446659
0.05,alternating,4,0.0006,0.02,1358,0.4698085419734904,-0.00014975295673128674,-0.0007471036544593573,0.012508220663000558,-0.2033645152410874
0.05,alternating,4,0.0008,none,2720,0.4551470588235294,-0.00069186733251713,-0.0010148484135796602,0.014717214627954197,-1.8818791444465937
0.05,alternating,4,0.0008,0.02,1358,0.4580265095729013,-0.00034975295673129607,-0.0009471036544593574,0.012508220663000558,-0.47496451524110006
0.05,alternating,24,0.0004,none,2716,0.48306332842415317,-0.00043062722912253783,-0.0009108556715756052,0.035743330075020535,-1.1695835542968127
0.05,alternating,24,0.0004,0.02,1357,0.4745762711864407,-0.0007090293621574123,-0.0012615749227365299,0.030577695258740174,-0.9621528444476084
0.05,alternating,24,0.0006,none,2716,0.4804860088365243,-0.0006306272291225422,-0.001110855671575605,0.035743330075020535,-1.7127835542968246
0.05,alternating,24,0.0006,0.02,1357,0.47383935151068535,-0.0009090293621574221,-0.0014615749227365298,0.030577695258740174,-1.2335528444476218
0.05,alternating,24,0.0008,none,2716,0.47717231222385864,-0.0008306272291225305,-0.0013108556715756051,0.035743330075020535,-2.255983554296793
0.05,alternating,24,0.0008,0.02,1357,0.4716285924834193,-0.0011090293621574163,-0.0016615749227365298,0.030577695258740174,-1.5049528444476141
0.05,alternating,48,0.0004,none,2716,0.49779086892488955,7.709360436899134e-05,-0.00030612309061366327,0.046357267135591636,0.20938622946618046
0.05,alternating,48,0.0004,0.02,1357,0.4952100221075903,-0.00028644867064874755,-0.0006764364932228424,0.04320169940084039,-0.3887108460703504
0.05,alternating,48,0.0006,none,2716,0.49374079528718706,-0.00012290639563101365,-0.0005061230906136632,0.046357267135591636,-0.33381377053383304
0.05,alternating,48,0.0006,0.02,1357,0.4915254237288136,-0.00048644867064878304,-0.0008764364932228424,0.04320169940084039,-0.6601108460703986
0.05,alternating,48,0.0008,none,2716,0.49189985272459497,-0.0003229063956310033,-0.0007061230906136633,0.046357267135591636,-0.8770137705338049
0.05,alternating,48,0.0008,0.02,1357,0.4885777450257922,-0.0006864486706487542,-0.0010764364932228424,0.04320169940084039,-0.9315108460703594
0.07,raw,1,0.0004,none,2404,0.4667221297836938,-0.00011503970539156972,-0.00035229191042389607,0.007764178086796724,-0.2765554517613336
0.07,raw,1,0.0004,0.02,1205,0.45062240663900416,-0.0003124081741608259,-0.00046563800708736524,0.0068543912714391685,-0.37645184986379526
0.07,raw,1,0.0006,none,2404,0.45174708818635606,-0.00031503970539156794,-0.000552291910423896,0.007764178086796724,-0.7573554517613293
0.07,raw,1,0.0006,0.02,1205,0.433195020746888,-0.0005124081741608247,-0.0006656380070873652,0.0068543912714391685,-0.6174518498637938
0.07,raw,1,0.0008,none,2404,0.4367720465890183,-0.0005150397053915685,-0.0007522919104238961,0.007764178086796724,-1.2381554517613307
0.07,raw,1,0.0008,0.02,1205,0.4190871369294606,-0.0007124081741608332,-0.0008656380070873653,0.0068543912714391685,-0.8584518498638041
0.07,raw,4,0.0004,none,2404,0.4846089850249584,-0.00020086131411568405,-0.0003396833203715862,0.01518815441437094,-0.48287059913410446
0.07,raw,4,0.0004,0.02,1205,0.4879668049792531,0.00013247358087955973,-0.00029210248856219556,0.012609797591294767,0.1596306649598695
0.07,raw,4,0.0006,none,2404,0.4750415973377704,-0.000400861314115692,-0.0005396833203715861,0.01518815441437094,-0.9636705991341235
0.07,raw,4,0.0006,0.02,1205,0.47717842323651455,-6.752641912043889e-05,-0.0004921024885621955,0.012609797591294767,-0.08136933504012886
0.07,raw,4,0.0008,none,2404,0.4679700499168053,-0.0006008613141156845,-0.0007396833203715862,0.01518815441437094,-1.4444705991341054
0.07,raw,4,0.0008,0.02,1205,0.4705394190871369,-0.0002675264191204473,-0.0006921024885621956,0.012609797591294767,-0.322369335040139
0.07,raw,24,0.0004,none,2401,0.48438150770512284,-8.788574608131548e-05,-0.0008911287490207971,0.03599904350763653,-0.21101367634123847
0.07,raw,24,0.0004,0.02,1204,0.47840531561461797,-2.8156185112249727e-05,-0.000993873261899358,0.03027468572112494,-0.03390004687514867
0.07,raw,24,0.0006,none,2401,0.4814660558100791,-0.00028788574608134486,-0.001091128749020797,0.03599904350763653,-0.691213676341309
0.07,raw,24,0.0006,0.02,1204,0.47591362126245845,-0.00022815618511228472,-0.001193873261899358,0.03027468572112494,-0.2747000468751908
0.07,raw,24,0.0008,none,2401,0.4793835901707622,-0.00048788574608134744,-0.001291128749020797,0.03599904350763653,-1.1714136763413152
0.07,raw,24,0.0008,0.02,1204,0.4750830564784053,-0.00042815618511228483,-0.001393873261899358,0.03027468572112494,-0.5155000468751909
0.07,raw,48,0.0004,none,2401,0.4910453977509371,-0.0008880405698825316,-0.0009001793278598398,0.04674601044194095,-2.1321854082879583
0.07,raw,48,0.0004,0.02,1204,0.48588039867109634,-0.0005246970802593391,-0.0012021595721048324,0.04313913386761706,-0.6317352846322443
0.07,raw,48,0.0006,none,2401,0.48812994585589337,-0.0010880405698825608,-0.0011001793278598397,0.04674601044194095,-2.6123854082880285
0.07,raw,48,0.0006,0.02,1204,0.4833887043189369,-0.0007246970802593655,-0.0014021595721048323,0.04313913386761706,-0.872535284632276
0.07,raw,48,0.0008,none,2401,0.4860474802165764,-0.001288040569882554,-0.0013001793278598398,0.04674601044194095,-3.092585408288012
0.07,raw,48,0.0008,0.02,1204,0.48006644518272423,-0.0009246970802593571,-0.0016021595721048324,0.04313913386761706,-1.113335284632266
0.07,alternating,1,0.0004,none,1678,0.47794994040524436,7.312953431942411e-06,-0.00018853111103438424,0.00793902181232183,0.012271135858799366
0.07,alternating,1,0.0004,0.02,813,0.46863468634686345,-0.00019991862644257578,-0.00033674659411091456,0.006941739086620662,-0.16253384329781412
0.07,alternating,1,0.0006,none,1678,0.4642431466030989,-0.0001926870465680505,-0.00038853111103438417,0.00793902181232183,-0.3233288641411887
0.07,alternating,1,0.0006,0.02,813,0.45387453874538747,-0.0003999186264425713,-0.0005367465941109145,0.006941739086620662,-0.3251338432978105
0.07,alternating,1,0.0008,none,1678,0.4469606674612634,-0.000392687046568059,-0.0005885311110343843,0.007939021812321829,-0.658928864141203
0.07,alternating,1,0.0008,0.02,813,0.43665436654366546,-0.0005999186264425792,-0.0007367465941109146,0.006941739086620662,-0.4877338432978169
0.07,alternating,4,0.0004,none,1678,0.49106078665077474,-2.960493736955634e-05,-0.00028304765307639556,0.015586960847166062,-0.04967708490611554
0.07,alternating,4,0.0004,0.02,813,0.4981549815498155,0.0004927380778076411,-0.00019674257219253166,0.012439235216013006,0.4005960572576122
0.07,alternating,4,0.0006,none,1678,0.48092967818831944,-0.00022960493736954814,-0.0004830476530763955,0.015586960847166062,-0.3852770849061018
0.07,alternating,4,0.0006,0.02,813,0.4883148831488315,0.00029273807780765703,-0.0003967425721925316,0.012439235216013006,0.23799605725762518
0.07,alternating,4,0.0008,none,1678,0.47377830750893923,-0.00042960493736955675,-0.0006830476530763956,0.015586960847166062,-0.7208770849061162
0.07,alternating,4,0.0008,0.02,813,0.48093480934809346,9.273807780765057e-05,-0.0005967425721925317,0.012439235216013006,0.07539605725761991
0.07,alternating,24,0.0004,none,1677,0.4913536076326774,0.00015452148361731554,-0.0005675116904702456,0.0378919423561871,0.25913252802623815
0.07,alternating,24,0.0004,0.02,812,0.4839901477832512,0.0005513988543351906,-0.0008597513911203665,0.030661184925550596,0.4477358697201748
0.07,alternating,24,0.0006,none,1677,0.4895646988670245,-4.5478516382692066e-05,-0.0007675116904702456,0.0378919423561871,-0.07626747197377459
0.07,alternating,24,0.0006,0.02,812,0.4839901477832512,0.000351398854335205,-0.0010597513911203664,0.030661184925550596,0.2853358697201865
0.07,alternating,24,0.0008,none,1677,0.4877757901013715,-0.0002454785163826963,-0.0009675116904702456,0.0378919423561871,-0.41166747197378173
0.07,alternating,24,0.0008,0.02,812,0.4839901477832512,0.00015139885433519898,-0.0012597513911203665,0.030661184925550596,0.12293586972018158
0.07,alternating,48,0.0004,none,1677,0.49731663685152055,0.00014430784627610127,-0.00034764068419517146,0.04825249121317784,0.2420042582050218
0.07,alternating,48,0.0004,0.02,812,0.4963054187192118,0.0009445381886087047,-0.0005691664412678539,0.043810186799175074,0.7669650091502682
0.07,alternating,48,0.0006,none,1677,0.49433512224209897,-5.5692153723887164e-05,-0.0005476406841951714,0.04825249121317784,-0.09339574179495877
0.07,alternating,48,0.0006,0.02,812,0.49261083743842365,0.0007445381886087131,-0.0007691664412678539,0.043810186799175074,0.604565009150275
0.07,alternating,48,0.0008,none,1677,0.4937388193202147,-0.0002556921537238959,-0.0007476406841951715,0.04825249121317784,-0.4287957417949734
0.07,alternating,48,0.0008,0.02,812,0.49137931034482757,0.0005445381886087033,-0.0009691664412678539,0.043810186799175074,0.44216500915026713
0.09,raw,1,0.0004,none,1629,0.4714548802946593,-9.918905961808198e-05,-0.0003336628080531808,0.008424120412129454,-0.16157897811785554
0.09,raw,1,0.0004,0.02,770,0.45324675324675323,-0.00024259592050924274,-0.00043758941951081953,0.0073420097149414975,-0.1867988587921169
0.09,raw,1,0.0006,none,1629,0.45610804174340086,-0.0002991890596180743,-0.0005336628080531808,0.008424120412129454,-0.4873789781178431
0.09,raw,1,0.0006,0.02,770,0.43116883116883115,-0.00044259592050923925,-0.0006375894195108195,0.0073420097149414975,-0.34079885879211425
0.09,raw,1,0.0008,none,1629,0.4389195825659914,-0.0004991890596180854,-0.0007336628080531808,0.008424120412129454,-0.813178978117861
0.09,raw,1,0.0008,0.02,770,0.4155844155844156,-0.0006425959205092472,-0.0008375894195108195,0.0073420097149414975,-0.4947988587921204
0.09,raw,4,0.0004,none,1629,0.4886433394720687,-0.0001814004849682,-0.00026690823312174283,0.016176678233478698,-0.2955013900131978
0.09,raw,4,0.0004,0.02,770,0.487012987012987,0.00018864453582542447,-0.00031431666443797434,0.013317594811669662,0.14525629258557685
0.09,raw,4,0.0006,none,1629,0.48066298342541436,-0.00038140048496821115,-0.00046690823312174276,0.016176678233478698,-0.6213013900132159
0.09,raw,4,0.0006,0.02,770,0.4805194805194805,-1.1355464174571706e-05,-0.0005143166644379743,0.013317594811669662,-0.008743707414420213
0.09,raw,4,0.0008,none,1629,0.47268262737876,-0.0005814004849682175,-0.0006669082331217428,0.016176678233478698,-0.9471013900132264
0.09,raw,4,0.0008,0.02,770,0.474025974025974,-0.0002113554641745798,-0.0007143166644379744,0.013317594811669662,-0.16274370741442645
0.09,raw,24,0.0004,none,1628,0.47788697788697787,-0.0005416758228545724,-0.0015125771574492238,0.038635111923960984,-0.8818482396072438
0.09,raw,24,0.0004,0.02,770,0.4584415584415584,-0.0009726677304257997,-0.001940577520206421,0.03259926317634084,-0.7489541524278658
0.09,raw,24,0.0006,none,1628,0.47542997542997545,-0.0007416758228545686,-0.0017125771574492236,0.038635111923960984,-1.2074482396072377
0.09,raw,24,0.0006,0.02,770,0.45584415584415583,-0.0011726677304258015,-0.0021405775202064208,0.03259926317634084,-0.9029541524278671
0.09,raw,24,0.0008,none,1628,0.4735872235872236,-0.0009416758228545715,-0.0019125771574492237,0.038635111923960984,-1.5330482396072425
0.09,raw,24,0.0008,0.02,770,0.45584415584415583,-0.0013726677304258027,-0.002340577520206421,0.03259926317634084,-1.056954152427868
0.09,raw,48,0.0004,none,1628,0.49324324324324326,-0.0009704517550120198,-0.001023909385018273,0.04915541511895974,-1.5798954571595683
0.09,raw,48,0.0004,0.02,770,0.4883116883116883,-0.0007043504716008992,-0.0013855204337499423,0.0446563680548849,-0.5423498631326924
0.09,raw,48,0.0006,none,1628,0.49017199017199015,-0.0011704517550120345,-0.001223909385018273,0.04915541511895974,-1.9054954571595921
0.09,raw,48,0.0006,0.02,770,0.4857142857142857,-0.0009043504716009056,-0.0015855204337499422,0.0446563680548849,-0.6963498631326973
0.09,raw,48,0.0008,none,1628,0.48894348894348894,-0.0013704517550120255,-0.001423909385018273,0.04915541511895974,-2.2310954571595776
0.09,raw,48,0.0008,0.02,770,0.4844155844155844,-0.0011043504716009187,-0.0017855204337499423,0.0446563680548849,-0.8503498631327074
0.09,alternating,1,0.0004,none,1083,0.47368421052631576,-6.557752717674108e-05,-0.0002580925074005421,0.008611776012018908,-0.07102046193241059
0.09,alternating,1,0.0004,0.02,485,0.4515463917525773,-0.0001645143823449864,-0.00043560236591582113,0.007427409258874814,-0.0797894754373184
0.09,alternating,1,0.0006,none,1083,0.46075715604801476,-0.0002655775271767409,-0.00045809250740054205,0.008611776012018908,-0.2876204619324104
0.09,alternating,1,0.0006,0.02,485,0.4329896907216495,-0.0003645143823449881,-0.0006356023659158211,0.007427409258874814,-0.17678947543731924
0.09,alternating,1,0.0008,none,1083,0.4422899353647276,-0.00046557752717674616,-0.0006580925074005421,0.008611776012018908,-0.5042204619324161
0.09,alternating,1,0.0008,0.02,485,0.41855670103092785,-0.0005645143823449842,-0.0008356023659158211,0.007427409258874814,-0.27378947543731735
0.09,alternating,4,0.0004,none,1083,0.492151431209603,0.00023998702739691348,-0.00022906799323312265,0.01643517705323298,0.2599059506708573
0.09,alternating,4,0.0004,0.02,485,0.4845360824742268,0.0007067621013724124,-0.0003373802984272697,0.012997643303478674,0.34277961916562
0.09,alternating,4,0.0006,none,1083,0.4838411819021237,3.998702739690568e-05,-0.0004290679932331226,0.01643517705323298,0.04330595067084885
0.09,alternating,4,0.0006,0.02,485,0.48041237113402063,0.0005067621013724255,-0.0005373802984272696,0.012997643303478674,0.2457796191656264
0.09,alternating,4,0.0008,none,1083,0.4773776546629732,-0.00016001297260310806,-0.0006290679932331227,0.01643517705323298,-0.17329404932916603
0.09,alternating,4,0.0008,0.02,485,0.4762886597938144,0.00030676210137241407,-0.0007373802984272697,0.012997643303478674,0.14877961916562082
0.09,alternating,24,0.0004,none,1083,0.4967682363804247,-0.0003994800653426542,-0.0002120972513897531,0.04073512740856576,-0.4326369107660945
0.09,alternating,24,0.0004,0.02,485,0.4762886597938144,-0.0009138748872090961,-0.0011025001265095198,0.03350395966370323,-0.4432293202964116
0.09,alternating,24,0.0006,none,1083,0.4939981532779317,-0.0005994800653426553,-0.00041209725138975303,0.04073512740856576,-0.6492369107660957
0.09,alternating,24,0.0006,0.02,485,0.4742268041237113,-0.0011138748872090963,-0.0013025001265095197,0.03350395966370323,-0.5402293202964117
0.09,alternating,24,0.0008,none,1083,0.492151431209603,-0.0007994800653426607,-0.0006120972513897531,0.04073512740856576,-0.8658369107661016
0.09,alternating,24,0.0008,0.02,485,0.4742268041237113,-0.001313874887209104,-0.0015025001265095198,0.03350395966370323,-0.6372293202964154
0.09,alternating,48,0.0004,none,1083,0.4967682363804247,-0.0006345135239151487,-0.00030744181302615436,0.050279315923356015,-0.6871781464001061
0.09,alternating,48,0.0004,0.02,485,0.4865979381443299,-0.0005281071751465869,-0.0016074070825136562,0.044979610622164976,-0.25613197994609466
0.09,alternating,48,0.0006,none,1083,0.4930747922437673,-0.000834513523915156,-0.0005074418130261543,0.050279315923356015,-0.9037781464001139
0.09,alternating,48,0.0006,0.02,485,0.4824742268041237,-0.0007281071751465824,-0.001807407082513656,0.044979610622164976,-0.35313197994609247
0.09,alternating,48,0.0008,none,1083,0.492151431209603,-0.001034513523915152,-0.0007074418130261544,0.050279315923356015,-1.1203781464001097
0.09,alternating,48,0.0008,0.02,485,0.4824742268041237,-0.0009281071751465868,-0.002007407082513656,0.044979610622164976,-0.45013197994609455
0.0988,raw,1,0.0004,none,1386,0.468975468975469,-0.00018670641966866714,-0.0003682065834427647,0.008583878574095588,-0.25877509766077267
0.0988,raw,1,0.0004,0.02,663,0.4464555052790347,-0.00024718472398642193,-0.000550979606010404,0.007569229115392218,-0.16388347200299774
0.0988,raw,1,0.0006,none,1386,0.45454545454545453,-0.0003867064196686612,-0.0005682065834427646,0.008583878574095588,-0.5359750976607645
0.0988,raw,1,0.0006,0.02,663,0.4253393665158371,-0.0004471847239864197,-0.000750979606010404,0.007569229115392217,-0.29648347200299624
0.0988,raw,1,0.0008,none,1386,0.4365079365079365,-0.0005867064196686727,-0.0007682065834427647,0.008583878574095588,-0.8131750976607804
0.0988,raw,1,0.0008,0.02,663,0.41025641025641024,-0.0006471847239864275,-0.0009509796060104041,0.007569229115392217,-0.42908347200300145
0.0988,raw,4,0.0004,none,1386,0.481962481962482,-0.0004591686087327953,-0.000390378288242443,0.016412569424739086,-0.6364076917036543
0.0988,raw,4,0.0004,0.02,663,0.4766214177978884,-3.011981775587836e-05,-0.0006167450285648353,0.013645759208303326,-0.019969439172147354
0.0988,raw,4,0.0006,none,1386,0.4733044733044733,-0.0006591686087327982,-0.000590378288242443,0.016412569424739086,-0.9136076917036583
0.0988,raw,4,0.0006,0.02,663,0.46907993966817496,-0.0002301198177558704,-0.0008167450285648353,0.013645759208303326,-0.15256943917214208
0.0988,raw,4,0.0008,none,1386,0.4668109668109668,-0.000859168608732794,-0.000790378288242443,0.016412569424739086,-1.1908076917036525
0.0988,raw,4,0.0008,0.02,663,0.46304675716440424,-0.00043011981775587454,-0.0010167450285648353,0.013645759208303326,-0.2851694391721448
0.0988,raw,24,0.0004,none,1385,0.4750902527075812,-0.000634407906114944,-0.001610993158604512,0.03906641902239167,-0.8786549499691974
0.0988,raw,24,0.0004,0.02,663,0.4494720965309201,-0.0010030480362809933,-0.00224436106822794,0.033182434654103865,-0.6650208480542985
0.0988,raw,24,0.0006,none,1385,0.47220216606498194,-0.0008344079061149635,-0.0018109931586045118,0.03906641902239167,-1.1556549499692244
0.0988,raw,24,0.0006,0.02,663,0.4464555052790347,-0.001203048036280994,-0.0024443610682279397,0.033182434654103865,-0.797620848054299
0.0988,raw,24,0.0008,none,1385,0.4700361010830325,-0.0010344079061149587,-0.002010993158604512,0.03906641902239167,-1.4326549499692178
0.0988,raw,24,0.0008,0.02,663,0.4464555052790347,-0.0014030480362809958,-0.00264436106822794,0.033182434654103865,-0.9302208480543003
0.0988,raw,48,0.0004,none,1385,0.496028880866426,-0.0006346218884588656,-0.0006744593858029498,0.04901893070342039,-0.8789513155155289
0.0988,raw,48,0.0004,0.02,663,0.502262443438914,0.0004887046645792203,0.0001347023780694071,0.044515188184438045,0.324011192616023
0.0988,raw,48,0.0006,none,1385,0.4924187725631769,-0.0008346218884588796,-0.0008744593858029498,0.04901893070342039,-1.1559513155155483
0.0988,raw,48,0.0006,0.02,663,0.49924585218702866,0.0002887046645791701,-6.529762193059282e-05,0.044515188184438045,0.19141119261598977
0.0988,raw,48,0.0008,none,1385,0.49097472924187724,-0.0010346218884588795,-0.0010744593858029497,0.04901893070342039,-1.432951315515548
0.0988,raw,48,0.0008,0.02,663,0.497737556561086,8.870466457917721e-05,-0.0002652976219305929,0.044515188184438045,0.05881119261599449
0.0988,alternating,1,0.0004,none,901,0.47058823529411764,-0.00018213502248677662,-0.0002969714921632779,0.008830687453141037,-0.16410365526058573
0.0988,alternating,1,0.0004,0.02,410,0.43902439024390244,-0.000242200614020713,-0.0004817864136574142,0.0075259295608247545,-0.09930225174849233
0.0988,alternating,1,0.0006,none,901,0.4583795782463929,-0.0003821350224867735,-0.0004969714921632778,0.008830687453141037,-0.34430365526058293
0.0988,alternating,1,0.0006,0.02,410,0.4219512195121951,-0.0004422006140207151,-0.0006817864136574142,0.0075259295608247545,-0.18130225174849318
0.0988,alternating,1,0.0008,none,901,0.4406215316315205,-0.0005821350224867834,-0.0006969714921632779,0.008830687453141037,-0.5245036552605918
0.0988,alternating,1,0.0008,0.02,410,0.4097560975609756,-0.0006422006140207104,-0.0008817864136574143,0.0075259295608247545,-0.26330225174849126
0.0988,alternating,4,0.0004,none,901,0.4816870144284129,-6.817211182726755e-05,-0.00034431286218876666,0.017159138739317542,-0.06142307275636806
0.0988,alternating,4,0.0004,0.02,410,0.47560975609756095,0.0005495490809695776,-0.0005857951242942301,0.01345157170244622,0.22531512319752683
0.0988,alternating,4,0.0006,none,901,0.4739178690344062,-0.0002681721118272546,-0.0005443128621887666,0.017159138739317542,-0.24162307275635642
0.0988,alternating,4,0.0006,0.02,410,0.47073170731707314,0.00034954908096958965,-0.0007857951242942301,0.01345157170244622,0.14331512319753176
0.0988,alternating,4,0.0008,none,901,0.4694783573806881,-0.00046817211182726326,-0.0007443128621887667,0.017159138739317542,-0.4218230727563642
0.0988,alternating,4,0.0008,0.02,410,0.4658536585365854,0.00014954908096958617,-0.00098579512429423,0.01345157170244622,0.06131512319753033
0.0988,alternating,24,0.0004,none,901,0.4894561598224195,-0.0012147576833319103,-0.0007856921751910214,0.04070407788900622,-1.094496672682051
0.0988,alternating,24,0.0004,0.02,410,0.4634146341463415,-0.0014569185919436826,-0.002820119667536025,0.03479546967663074,-0.5973366226969099
0.0988,alternating,24,0.0006,none,901,0.48612652608213097,-0.0014147576833319388,-0.0009856921751910212,0.04070407788900622,-1.2746966726820768
0.0988,alternating,24,0.0006,0.02,410,0.4609756097560976,-0.0016569185919436886,-0.0030201196675360246,0.03479546967663074,-0.6793366226969123
0.0988,alternating,24,0.0008,none,901,0.4839067702552719,-0.0016147576833319187,-0.0011856921751910213,0.04070407788900622,-1.4548966726820587
0.0988,alternating,24,0.0008,0.02,410,0.4609756097560976,-0.001856918591943695,-0.0032201196675360247,0.03479546967663074,-0.7613366226969149
0.0988,alternating,48,0.0004,none,901,0.49278579356270813,-0.0013604500499542686,-0.0007448282866251872,0.04997767356162209,-1.225765495008796
0.0988,alternating,48,0.0004,0.02,410,0.4951219512195122,-0.0004581569498755001,-0.0006235192607862313,0.04547619254669342,-0.18784434944895506
0.0988,alternating,48,0.0006,none,901,0.48834628190899,-0.0015604500499542817,-0.0009448282866251872,0.04997767356162209,-1.4059654950088079
0.0988,alternating,48,0.0006,0.02,410,0.4902439024390244,-0.0006581569498754879,-0.0008235192607862311,0.04547619254669342,-0.26984434944895
0.0988,alternating,48,0.0008,none,901,0.48834628190899,-0.0017604500499542697,-0.0011448282866251872,0.04997767356162209,-1.5861654950087969
0.0988,alternating,48,0.0008,0.02,410,0.4902439024390244,-0.000858156949875499,-0.0010235192607862312,0.04547619254669342,-0.3518443494489546
0.12,raw,1,0.0004,none,941,0.4729011689691817,-0.00021371113695609555,-0.0003848825845826239,0.008784318297811027,-0.2011021798756859
0.12,raw,1,0.0004,0.02,441,0.46485260770975056,-0.0002130049642889219,-0.00041331520246594666,0.007613155167473107,-0.09393518925141456
0.12,raw,1,0.0006,none,941,0.463336875664187,-0.00041371113695608946,-0.0005848825845826238,0.008784318297811027,-0.38930217987568017
0.12,raw,1,0.0006,0.02,441,0.4512471655328798,-0.00041300496428892157,-0.0006133152024659466,0.007613155167473107,-0.18213518925141442
0.12,raw,1,0.0008,none,941,0.4463336875664187,-0.0006137111369560994,-0.0007848825845826239,0.008784318297811027,-0.5775021798756895
0.12,raw,1,0.0008,0.02,441,0.4399092970521542,-0.0006130049642889225,-0.0008133152024659467,0.007613155167473107,-0.2703351892514148
0.12,raw,4,0.0004,none,941,0.48034006376195537,-0.0007119015435874016,-0.0005275701083609526,0.017127211499508636,-0.6698993525157448
0.12,raw,4,0.0004,0.02,441,0.48072562358276644,-0.00019129795620462497,-0.000554845220023625,0.014662759181416076,-0.08436239868623961
0.12,raw,4,0.0006,none,941,0.4729011689691817,-0.0009119015435874089,-0.0007275701083609526,0.017127211499508636,-0.8580993525157518
0.12,raw,4,0.0006,0.02,441,0.47392290249433106,-0.00039129795620462387,-0.0007548452200236249,0.014662759181416076,-0.17256239868623913
0.12,raw,4,0.0008,none,941,0.4665249734325186,-0.0011119015435874097,-0.0009275701083609527,0.017127211499508636,-1.0462993525157525
0.12,raw,4,0.0008,0.02,441,0.4671201814058957,-0.0005912979562046262,-0.000954845220023625,0.014662759181416076,-0.2607623986862401
0.12,raw,24,0.0004,none,941,0.4782146652497343,-0.0006129770238997492,-0.0014464772391201027,0.04025356561468314,-0.576811379489664
0.12,raw,24,0.0004,0.02,441,0.4376417233560091,-0.002358854817445155,-0.0030655412159311,0.03466350298647709,-1.0402549744933134
0.12,raw,24,0.0006,none,941,0.47396386822529224,-0.0008129770238997414,-0.0016464772391201025,0.04025356561468314,-0.7650113794896567
0.12,raw,24,0.0006,0.02,441,0.4331065759637188,-0.0025588548174451746,-0.0032655412159310997,0.03466350298647709,-1.128454974493322
0.12,raw,24,0.0008,none,941,0.4729011689691817,-0.0010129770238997537,-0.0018464772391201026,0.04025356561468314,-0.9532113794896682
0.12,raw,24,0.0008,0.02,441,0.4331065759637188,-0.0027588548174451713,-0.0034655412159310998,0.03466350298647709,-1.2166549744933206
0.12,raw,48,0.0004,none,941,0.4824654622741764,-0.0005438016138455184,-0.0017035340973349685,0.05008226895614622,-0.5117173186286328
0.12,raw,48,0.0004,0.02,441,0.48072562358276644,-0.0003568873276372544,-0.0018529211351506088,0.04652019467280043,-0.1573873114880292
0.12,raw,48,0.0006,none,941,0.4771519659936238,-0.0007438016138455295,-0.0019035340973349683,0.05008226895614622,-0.6999173186286433
0.12,raw,48,0.0006,0.02,441,0.47619047619047616,-0.0005568873276372425,-0.0020529211351506087,0.04652019467280043,-0.24558731148802393
0.12,raw,48,0.0008,none,941,0.4771519659936238,-0.00094380161384553,-0.0021035340973349684,0.05008226895614622,-0.8881173186286437
0.12,raw,48,0.0008,0.02,441,0.47619047619047616,-0.0007568873276372517,-0.0022529211351506088,0.04652019467280043,-0.333787311488028
0.12,alternating,1,0.0004,none,592,0.46283783783783783,-0.0003738804890566557,-0.00046315397749356857,0.00921223850880124,-0.22133724952154016
0.12,alternating,1,0.0004,0.02,268,0.45149253731343286,-0.00025226781552433727,-0.00046315397749356857,0.0074245117926269475,-0.06760777456052239
0.12,alternating,1,0.0006,none,592,0.4543918918918919,-0.0005738804890566532,-0.0006631539774935685,0.00921223850880124,-0.33973724952153866
0.12,alternating,1,0.0006,0.02,268,0.44029850746268656,-0.00045226781552433997,-0.0006631539774935685,0.0074245117926269475,-0.1212077745605231
0.12,alternating,1,0.0008,none,592,0.4341216216216216,-0.0007738804890566593,-0.0008631539774935686,0.00921223850880124,-0.45813724952154233
0.12,alternating,1,0.0008,0.02,268,0.4253731343283582,-0.0006522678155243362,-0.0008631539774935686,0.0074245117926269475,-0.1748077745605221
0.12,alternating,4,0.0004,none,592,0.4560810810810811,-0.0010003619175655413,-0.0010179022573948867,0.017639434275808937,-0.5922142551988004
0.12,alternating,4,0.0004,0.02,268,0.45149253731343286,-0.000350964921983647,-0.0009761067264529185,0.015072915489532136,-0.09405859909161739
0.12,alternating,4,0.0006,none,592,0.44763513513513514,-0.0012003619175655446,-0.0012179022573948865,0.017639434275808937,-0.7106142551988024
0.12,alternating,4,0.0006,0.02,268,0.44402985074626866,-0.0005509649219836481,-0.0011761067264529183,0.015072915489532136,-0.1476585990916177
0.12,alternating,4,0.0008,none,592,0.44594594594594594,-0.0014003619175655489,-0.0014179022573948866,0.017639434275808937,-0.8290142551988049
0.12,alternating,4,0.0008,0.02,268,0.44402985074626866,-0.0007509649219836455,-0.0013761067264529184,0.015072915489532136,-0.20125859909161697
0.12,alternating,24,0.0004,none,592,0.4847972972972973,-0.002162460302688167,-0.0011200407132666453,0.041669169441854656,-1.2801764991913949
0.12,alternating,24,0.0004,0.02,268,0.44029850746268656,-0.0036403867348053036,-0.004788179147229221,0.03838735773773013,-0.9756236449278214
0.12,alternating,24,0.0006,none,592,0.4797297297297297,-0.0023624603026881777,-0.0013200407132666452,0.041669169441854656,-1.3985764991914011
0.12,alternating,24,0.0006,0.02,268,0.43656716417910446,-0.003840386734805326,-0.004988179147229221,0.03838735773773013,-1.0292236449278274
0.12,alternating,24,0.0008,none,592,0.4797297297297297,-0.0025624603026881644,-0.0015200407132666452,0.041669169441854656,-1.5169764991913932
0.12,alternating,24,0.0008,0.02,268,0.43656716417910446,-0.004040386734805323,-0.005188179147229221,0.03838735773773013,-1.0828236449278266
0.12,alternating,48,0.0004,none,592,0.4814189189189189,-0.0020712578940437916,-0.0019277407079901108,0.04921688163615359,-1.2261846732739246
0.12,alternating,48,0.0004,0.02,268,0.48134328358208955,-0.0002731231393650025,-0.0023071184983805447,0.0466266539108409,-0.07319700134982067
0.12,alternating,48,0.0006,none,592,0.47635135135135137,-0.002271257894043798,-0.0021277407079901105,0.04921688163615359,-1.3445846732739284
0.12,alternating,48,0.0006,0.02,268,0.47761194029850745,-0.00047312313936499534,-0.0025071184983805443,0.0466266539108409,-0.12679700134981875
0.12,alternating,48,0.0008,none,592,0.47635135135135137,-0.0024712578940437905,-0.0023277407079901106,0.04921688163615359,-1.462984673273924
0.12,alternating,48,0.0008,0.02,268,0.47761194029850745,-0.0006731231393650043,-0.0027071184983805444,0.0466266539108409,-0.18039700134982115
0.14,raw,1,0.0004,none,670,0.49402985074626865,7.422728336857468e-05,-0.00014969710896399724,0.008808525507997175,0.04973227985694503
0.14,raw,1,0.0004,0.02,315,0.4793650793650794,-0.00028513930544786623,-0.0003381455255376139,0.0077830919783130085,-0.08981888121607785
0.14,raw,1,0.0006,none,670,0.4835820895522388,-0.0001257727166314241,-0.00034969710896399716,0.008808525507997175,-0.08426772014305416
0.14,raw,1,0.0006,0.02,315,0.4634920634920635,-0.0004851393054478673,-0.0005381455255376138,0.0077830919783130085,-0.1528188812160782
0.14,raw,1,0.0008,none,670,0.47313432835820896,-0.00032577271663142054,-0.0005496971089639973,0.008808525507997175,-0.21826772014305176
0.14,raw,1,0.0008,0.02,315,0.4507936507936508,-0.0006851393054478649,-0.0007381455255376139,0.0077830919783130085,-0.21581888121607745
0.14,raw,4,0.0004,none,670,0.491044776119403,-0.0002254727613561874,-0.00023954750261316848,0.01739849514088545,-0.15106675010864556
0.14,raw,4,0.0004,0.02,315,0.46984126984126984,-0.0003729824135506915,-0.0006167450285648353,0.015489779087918142,-0.11748946026846782
0.14,raw,4,0.0006,none,670,0.48507462686567165,-0.00042547276135618137,-0.0004395475026131684,0.01739849514088545,-0.2850667501086415
0.14,raw,4,0.0006,0.02,315,0.4666666666666667,-0.0005729824135506912,-0.0008167450285648353,0.015489779087918142,-0.18048946026846774
0.14,raw,4,0.0008,none,670,0.4791044776119403,-0.0006254727613561839,-0.0006395475026131685,0.01739849514088545,-0.41906675010864325
0.14,raw,4,0.0008,0.02,315,0.4603174603174603,-0.0007729824135506908,-0.0010167450285648353,0.015489779087918142,-0.24348946026846763
0.14,raw,24,0.0004,none,670,0.4880597014925373,0.0005368685478534879,-0.000655600054327898,0.04231609293956137,0.35970192706183685
0.14,raw,24,0.0004,0.02,315,0.4507936507936508,-0.0019271219435774887,-0.0021408572693231596,0.03597467372356924,-0.6070434122269089
0.14,raw,24,0.0006,none,670,0.48208955223880595,0.00033686854785348734,-0.000855600054327898,0.04231609293956137,0.2257019270618365
0.14,raw,24,0.0006,0.02,315,0.4444444444444444,-0.002127121943577496,-0.0023408572693231593,0.03597467372356924,-0.6700434122269112
0.14,raw,24,0.0008,none,670,0.48208955223880595,0.0001368685478534822,-0.001055600054327898,0.04231609293956137,0.09170192706183308
0.14,raw,24,0.0008,0.02,315,0.4444444444444444,-0.002327121943577502,-0.0025408572693231594,0.03597467372356924,-0.733043412226913
0.14,raw,48,0.0004,none,670,0.4835820895522388,1.340799736115777e-05,-0.0016270313685139866,0.05177942891001652,0.008983358231975706
0.14,raw,48,0.0004,0.02,315,0.47619047619047616,5.471401858961492e-05,-0.002215100647330925,0.04811023583510819,0.0172349158557287
0.14,raw,48,0.0006,none,670,0.47761194029850745,-0.00018659200263885573,-0.0018270313685139865,0.05177942891001652,-0.12501664176803334
0.14,raw,48,0.0006,0.02,315,0.473015873015873,-0.00014528598141037085,-0.002415100647330925,0.04811023583510819,-0.04576508414426682
0.14,raw,48,0.0008,none,670,0.47761194029850745,-0.00038659200263886206,-0.0020270313685139866,0.05177942891001652,-0.25901664176803757
0.14,raw,48,0.0008,0.02,315,0.473015873015873,-0.00034528598141037953,-0.002615100647330925,0.04811023583510819,-0.10876508414426955
0.14,alternating,1,0.0004,none,407,0.5012285012285013,0.0001573489623098893,4.3164192333256305e-05,0.00934168557763002,0.06404102766012494
0.14,alternating,1,0.0004,0.02,189,0.4708994708994709,-0.0002885733223575984,-0.0004067391906796166,0.007666619688909299,-0.05454035792558609
0.14,alternating,1,0.0006,none,407,0.4864864864864865,-4.265103769011233e-05,-0.00015683580766674362,0.00934168557763002,-0.017358972339875718
0.14,alternating,1,0.0006,0.02,189,0.4497354497354497,-0.0004885733223576004,-0.0006067391906796165,0.0076666196889093,-0.09234035792558648
0.14,alternating,1,0.0008,none,407,0.47665847665847666,-0.00024265103769010815,-0.0003568358076667437,0.00934168557763002,-0.09875897233987402
0.14,alternating,1,0.0008,0.02,189,0.43915343915343913,-0.0006885733223575979,-0.0008067391906796166,0.0076666196889093,-0.130140357925586
0.14,alternating,4,0.0004,none,407,0.4742014742014742,-0.0006175937439451985,-0.0008117753208516816,0.018314979456244395,-0.2513606537856958
0.14,alternating,4,0.0004,0.02,189,0.42857142857142855,-0.0012128542233551622,-0.0012060951332654609,0.016144963051701284,-0.22922944821412566
0.14,alternating,4,0.0006,none,407,0.4668304668304668,-0.0008175937439451902,-0.0010117753208516815,0.018314979456244395,-0.3327606537856924
0.14,alternating,4,0.0006,0.02,189,0.42328042328042326,-0.001412854223355162,-0.0014060951332654607,0.016144963051701284,-0.2670294482141256
0.14,alternating,4,0.0008,none,407,0.4643734643734644,-0.0010175937439451947,-0.0012117753208516816,0.018314979456244395,-0.4141606537856942
0.14,alternating,4,0.0008,0.02,189,0.42328042328042326,-0.0016128542233551626,-0.0016060951332654608,0.016144963051701284,-0.3048294482141257
0.14,alternating,24,0.0004,none,407,0.4987714987714988,-0.0009539008022903544,-0.00010590544361548348,0.04533881319402466,-0.38823762653217425
0.14,alternating,24,0.0004,0.02,189,0.455026455026455,-0.003995098488180187,-0.0029715660389803443,0.03938252930298977,-0.7550736142660553
0.14,alternating,24,0.0006,none,407,0.48894348894348894,-0.0011539008022903511,-0.0003059054436154834,0.04533881319402466,-0.46963762653217295
0.14,alternating,24,0.0006,0.02,189,0.4444444444444444,-0.004195098488180213,-0.003171566038980344,0.039382529302989765,-0.7928736142660602
0.14,alternating,24,0.0008,none,407,0.48894348894348894,-0.001353900802290361,-0.0005059054436154835,0.04533881319402466,-0.5510376265321769
0.14,alternating,24,0.0008,0.02,189,0.4444444444444444,-0.004395098488180211,-0.003371566038980344,0.039382529302989765,-0.8306736142660598
0.14,alternating,48,0.0004,none,407,0.4914004914004914,-0.0003883492612451128,-0.0013961161365865667,0.05215158107841699,-0.1580581493267609
0.14,alternating,48,0.0004,0.02,189,0.48677248677248675,0.0008497739448503975,-0.0013961161365865667,0.04874503668647363,0.16060727557672513
0.14,alternating,48,0.0006,none,407,0.48402948402948404,-0.00058834926124512,-0.0015961161365865666,0.05215158107841699,-0.23945814932676385
0.14,alternating,48,0.0006,0.02,189,0.48677248677248675,0.000649773944850399,-0.0015961161365865666,0.04874503668647363,0.12280727557672541
0.14,alternating,48,0.0008,none,407,0.48402948402948404,-0.0007883492612451254,-0.0017961161365865667,0.05215158107841699,-0.32085814932676604
0.14,alternating,48,0.0008,0.02,189,0.48677248677248675,0.00044977394485039036,-0.0017961161365865667,0.04874503668647363,0.08500727557672377
0.16,raw,1,0.0004,none,483,0.494824016563147,0.0002581899008146969,-0.00014899007726403257,0.009102192488489435,0.1247057220934986
0.16,raw,1,0.0004,0.02,227,0.4581497797356828,-0.00059169033371221,-0.00046563800708736524,0.008172786703005521,-0.13431370575267165
0.16,raw,1,0.0006,none,483,0.484472049689441,5.818990081470337e-05,-0.0003489900772640325,0.009102192488489435,0.028105722093501727
0.16,raw,1,0.0006,0.02,227,0.44493392070484583,-0.00079169033371221,-0.0006656380070873652,0.008172786703005521,-0.17971370575267168
0.16,raw,1,0.0008,none,483,0.4720496894409938,-0.00014181009918529534,-0.0005489900772640326,0.009102192488489435,-0.06849427790649765
0.16,raw,1,0.0008,0.02,227,0.43171806167400884,-0.000991690333712208,-0.0008656380070873653,0.008172786703005521,-0.2251137057526712
0.16,raw,4,0.0004,none,483,0.5010351966873706,0.00030177760556606147,8.907579769186247e-05,0.018216412479061805,0.1457585834884077
0.16,raw,4,0.0004,0.02,227,0.4581497797356828,-0.00040148124183078893,-0.000852766655804071,0.016568300733581173,-0.09113624189558908
0.16,raw,4,0.0006,none,483,0.494824016563147,0.00010177760556607263,-0.00011092420230813746,0.018216412479061805,0.04915858348841308
0.16,raw,4,0.0006,0.02,227,0.45374449339207046,-0.0006014812418307883,-0.0010527666558040709,0.016568300733581173,-0.13653624189558894
0.16,raw,4,0.0008,none,483,0.4865424430641822,-9.822239443393217e-05,-0.00031092420230813755,0.018216412479061805,-0.047441416511589236
0.16,raw,4,0.0008,0.02,227,0.44493392070484583,-0.000801481241830786,-0.001252766655804071,0.016568300733581173,-0.18193624189558844
0.16,raw,24,0.0004,none,483,0.4865424430641822,-0.0014302681566416007,-0.0007856921751910214,0.04418492355975642,-0.6908195196578931
0.16,raw,24,0.0004,0.02,227,0.43171806167400884,-0.0038163108917577916,-0.0029715660389803443,0.039323191013104344,-0.8663025724290186
0.16,raw,24,0.0006,none,483,0.4803312629399586,-0.0016302681566416103,-0.0009856921751910212,0.04418492355975642,-0.7874195196578978
0.16,raw,24,0.0006,0.02,227,0.42290748898678415,-0.004016310891757811,-0.003171566038980344,0.039323191013104344,-0.9117025724290231
0.16,raw,24,0.0008,none,483,0.4803312629399586,-0.0018302681566416132,-0.0011856921751910213,0.04418492355975642,-0.8840195196578992
0.16,raw,24,0.0008,0.02,227,0.42290748898678415,-0.004216310891757815,-0.003371566038980344,0.039323191013104344,-0.9571025724290241
0.16,raw,48,0.0004,none,483,0.474120082815735,-0.0019253909699470015,-0.002805794827540997,0.05366460843942883,-0.9299638384844018
0.16,raw,48,0.0004,0.02,227,0.4581497797356828,-0.001712677282039941,-0.0030452886990867565,0.050952612666440675,-0.3887777430230666
0.16,raw,48,0.0006,none,483,0.46790890269151136,-0.002125390969947023,-0.0030057948275409967,0.05366460843942883,-1.026563838484412
0.16,raw,48,0.0006,0.02,227,0.45374449339207046,-0.0019126772820399318,-0.003245288699086756,0.050952612666440675,-0.4341777430230645
0.16,raw,48,0.0008,none,483,0.46790890269151136,-0.0023253909699470225,-0.0032057948275409968,0.05366460843942883,-1.1231638384844118
0.16,raw,48,0.0008,0.02,227,0.45374449339207046,-0.0021126772820399377,-0.0034452886990867563,0.050952612666440675,-0.4795777430230659
0.16,alternating,1,0.0004,none,289,0.4809688581314879,-0.00010379138084156417,-0.0002417117710316493,0.009510386610704025,-0.029995709063212046
0.16,alternating,1,0.0004,0.02,138,0.41304347826086957,-0.0015116413098684928,-0.00061640789080557,0.007797917002946742,-0.208606500761852
0.16,alternating,1,0.0006,none,289,0.4671280276816609,-0.0003037913808415679,-0.00044171177103164924,0.009510386610704025,-0.08779570906321313
0.16,alternating,1,0.0006,0.02,138,0.39855072463768115,-0.0017116413098684875,-0.0008164078908055699,0.007797917002946743,-0.23620650076185126
0.16,alternating,1,0.0008,none,289,0.4532871972318339,-0.000503791380841564,-0.0006417117710316493,0.009510386610704025,-0.14559570906321198
0.16,alternating,1,0.0008,0.02,138,0.38405797101449274,-0.0019116413098684893,-0.00101640789080557,0.007797917002946743,-0.2638065007618515
0.16,alternating,4,0.0004,none,289,0.4844290657439446,-0.0005407973458224539,-0.0005452080517864162,0.018881068983248792,-0.15629043294268918
0.16,alternating,4,0.0004,0.02,138,0.43478260869565216,-0.001796260264571973,-0.0009398841957741096,0.017081485798987092,-0.24788391651093228
0.16,alternating,4,0.0006,none,289,0.4809688581314879,-0.0007407973458224438,-0.0007452080517864162,0.018881068983248792,-0.21409043294268626
0.16,alternating,4,0.0006,0.02,138,0.43478260869565216,-0.001996260264571969,-0.0011398841957741095,0.017081485798987096,-0.27548391651093174
0.16,alternating,4,0.0008,none,289,0.47750865051903113,-0.00094079734582245,-0.0009452080517864163,0.018881068983248792,-0.27189043294268805
0.16,alternating,4,0.0008,0.02,138,0.43478260869565216,-0.0021962602645719718,-0.0013398841957741096,0.017081485798987092,-0.3030839165109321
0.16,alternating,24,0.0004,none,289,0.4740484429065744,-0.00288485838970241,-0.0009750206432411087,0.046717762590552256,-0.8337240746239964
0.16,alternating,24,0.0004,0.02,138,0.43478260869565216,-0.005946700975420636,-0.003551467950196607,0.04249207485676945,-0.8206447346080478
0.16,alternating,24,0.0006,none,289,0.46366782006920415,-0.0030848583897024272,-0.0011750206432411085,0.046717762590552256,-0.8915240746240015
0.16,alternating,24,0.0006,0.02,138,0.42028985507246375,-0.006146700975420663,-0.003751467950196607,0.04249207485676945,-0.8482447346080515
0.16,alternating,24,0.0008,none,289,0.46366782006920415,-0.0032848583897024186,-0.0013750206432411086,0.046717762590552256,-0.949324074623999
0.16,alternating,24,0.0008,0.02,138,0.42028985507246375,-0.006346700975420661,-0.003951467950196607,0.04249207485676945,-0.8758447346080512
0.16,alternating,48,0.0004,none,289,0.4740484429065744,-0.003744941452997009,-0.0029166903419754362,0.055598228919862894,-1.0822880799161356
0.16,alternating,48,0.0004,0.02,138,0.45652173913043476,-0.0037022217628242546,-0.0029809895205310964,0.05382289166776124,-0.5109066032697471
0.16,alternating,48,0.0006,none,289,0.4671280276816609,-0.003944941452997025,-0.003116690341975436,0.0555982289198629,-1.1400880799161401
0.16,alternating,48,0.0006,0.02,138,0.45652173913043476,-0.0039022217628242517,-0.003180989520531096,0.05382289166776124,-0.5385066032697468
0.16,alternating,48,0.0008,none,289,0.4671280276816609,-0.004144941452997017,-0.003316690341975436,0.055598228919862894,-1.1978880799161378
0.16,alternating,48,0.0008,0.02,138,0.45652173913043476,-0.004102221762824258,-0.003380989520531096,0.05382289166776124,-0.5661066032697476
0.18,raw,1,0.0004,none,362,0.4972375690607735,0.0004290960506748777,-0.00013356371318566895,0.00964919098565492,0.15533277034430573
0.18,raw,1,0.0004,0.02,169,0.4556213017751479,-0.0006489668146739744,-0.0004067391906796166,0.008726540586079252,-0.10967539167990167
0.18,raw,1,0.0006,none,362,0.494475138121547,0.0002290960506748842,-0.0003335637131856689,0.00964919098565492,0.08293277034430807
0.18,raw,1,0.0006,0.02,169,0.44970414201183434,-0.0008489668146739746,-0.0006067391906796165,0.008726540586079252,-0.1434753916799017
0.18,raw,1,0.0008,none,362,0.48342541436464087,2.9096050674886644e-05,-0.000533563713185669,0.00964919098565492,0.010532770344308965
0.18,raw,1,0.0008,0.02,169,0.4378698224852071,-0.0010489668146739745,-0.0008067391906796166,0.008726540586079252,-0.17727539167990167
0.18,raw,4,0.0004,none,362,0.5,0.0003099622699337533,1.85678274126192e-05,0.019343716743839914,0.11220634171601869
0.18,raw,4,0.0004,0.02,169,0.4437869822485207,-0.0005320879925141456,-0.0009759295333278569,0.017583466761983052,-0.08992287073489061
0.18,raw,4,0.0006,none,362,0.494475138121547,0.00010996226993375626,-0.00018143217258738073,0.019343716743839914,0.039806341716019766
0.18,raw,4,0.0006,0.02,169,0.4378698224852071,-0.0007320879925141432,-0.0011759295333278567,0.017583466761983052,-0.1237228707348902
0.18,raw,4,0.0008,none,362,0.48342541436464087,-9.003773006624241e-05,-0.0003814321725873808,0.019343716743839914,-0.032593658283979754
0.18,raw,4,0.0008,0.02,169,0.4260355029585799,-0.000932087992514143,-0.0013759295333278568,0.017583466761983052,-0.15752287073489016
0.18,raw,24,0.0004,none,362,0.49171270718232046,-0.0024632637618378582,-0.0006756058950670881,0.04599569428350398,-0.8917014817853046
0.18,raw,24,0.0004,0.02,169,0.4378698224852071,-0.0049460776114263446,-0.0029715660389803443,0.04123746269654248,-0.8358871163310522
0.18,raw,24,0.0006,none,362,0.48342541436464087,-0.0026632637618378956,-0.0008756058950670879,0.04599569428350398,-0.9641014817853183
0.18,raw,24,0.0006,0.02,169,0.4260355029585799,-0.005146077611426371,-0.003171566038980344,0.04123746269654248,-0.8696871163310567
0.18,raw,24,0.0008,none,362,0.48342541436464087,-0.0028632637618378927,-0.001075605895067088,0.04599569428350398,-1.036501481785317
0.18,raw,24,0.0008,0.02,169,0.4260355029585799,-0.005346077611426371,-0.003371566038980344,0.04123746269654248,-0.9034871163310566
0.18,raw,48,0.0004,none,362,0.4861878453038674,-0.002237710351710294,-0.0012763093993466864,0.054107854564657776,-0.8100511473191265
0.18,raw,48,0.0004,0.02,169,0.46745562130177515,-0.002126241252879635,-0.002215100647330925,0.052732252813344156,-0.3593347717366583
0.18,raw,48,0.0006,none,362,0.48066298342541436,-0.0024377103517102946,-0.0014763093993466862,0.054107854564657776,-0.8824511473191267
0.18,raw,48,0.0006,0.02,169,0.46153846153846156,-0.0023262412528796293,-0.002415100647330925,0.052732252813344156,-0.39313477173665734
0.18,raw,48,0.0008,none,362,0.48066298342541436,-0.0026377103517103056,-0.0016763093993466863,0.054107854564657776,-0.9548511473191307
0.18,raw,48,0.0008,0.02,169,0.46153846153846156,-0.0025262412528796294,-0.002615100647330925,0.052732252813344156,-0.42693477173665734
0.18,alternating,1,0.0004,none,213,0.4835680751173709,2.1704685803598414e-05,-0.00020148520411771253,0.010178435118488864,0.004623098076166462
0.18,alternating,1,0.0004,0.02,106,0.42452830188679247,-0.0010013891961003862,-0.0005777812931703648,0.008574671662623025,-0.10614725478664094
0.18,alternating,1,0.0006,none,213,0.4788732394366197,-0.00017829531419640468,-0.00040148520411771246,0.010178435118488866,-0.0379769019238342
0.18,alternating,1,0.0006,0.02,106,0.41509433962264153,-0.001201389196100387,-0.0007777812931703648,0.008574671662623025,-0.12734725478664102
0.18,alternating,1,0.0008,none,213,0.4647887323943662,-0.00037829531419640133,-0.0006014852041177126,0.010178435118488864,-0.08057690192383349
0.18,alternating,1,0.0008,0.02,106,0.4056603773584906,-0.001401389196100386,-0.0009777812931703648,0.008574671662623025,-0.1485472547866409
0.18,alternating,4,0.0004,none,213,0.5211267605633803,0.0009970665289016965,0.0007710311598311929,0.02060072769610443,0.21237517065606135
0.18,alternating,4,0.0004,0.02,106,0.4811320754716981,0.00041218783415981604,-0.0003217894191491651,0.019028340648221332,0.0436919104209405
0.18,alternating,4,0.0006,none,213,0.5164319248826291,0.0007970665289017075,0.0005710311598311929,0.02060072769610443,0.1697751706560637
0.18,alternating,4,0.0006,0.02,106,0.4716981132075472,0.00021218783415982142,-0.0005217894191491651,0.019028340648221332,0.02249191042094107
0.18,alternating,4,0.0008,none,213,0.5117370892018779,0.0005970665289016996,0.00037103115983119284,0.02060072769610443,0.12717517065606201
0.18,alternating,4,0.0008,0.02,106,0.4716981132075472,1.2187834159821992e-05,-0.0007217894191491652,0.019028340648221332,0.0012919104209411312
0.18,alternating,24,0.0004,none,213,0.48826291079812206,-0.002223206925895202,-0.0008283740332199359,0.04875883735913377,-0.47354307521567796
0.18,alternating,24,0.0004,0.02,106,0.4716981132075472,-0.0037508083245997173,-0.0016248030752016747,0.04570060979296176,-0.39758568240757003
0.18,alternating,24,0.0006,none,213,0.47417840375586856,-0.0024232069258952,-0.0010283740332199358,0.04875883735913377,-0.5161430752156776
0.18,alternating,24,0.0006,0.02,106,0.4528301886792453,-0.003950808324599707,-0.0018248030752016746,0.04570060979296177,-0.4187856824075689
0.18,alternating,24,0.0008,none,213,0.47417840375586856,-0.0026232069258952067,-0.0012283740332199359,0.04875883735913377,-0.558743075215679
0.18,alternating,24,0.0008,0.02,106,0.4528301886792453,-0.004150808324599716,-0.0020248030752016747,0.04570060979296176,-0.43998568240756986
0.18,alternating,48,0.0004,none,213,0.47417840375586856,-0.0031671332643600967,-0.0030452886990867565,0.05542678003527599,-0.6745993853087006
0.18,alternating,48,0.0004,0.02,106,0.4716981132075472,-0.0015347660060235672,-0.002630194673208841,0.05912633896740797,-0.16268519663849812
0.18,alternating,48,0.0006,none,213,0.4694835680751174,-0.0033671332643600937,-0.003245288699086756,0.05542678003527599,-0.7171993853087
0.18,alternating,48,0.0006,0.02,106,0.4716981132075472,-0.0017347660060235662,-0.0028301946732088405,0.05912633896740797,-0.183885196638498
0.18,alternating,48,0.0008,none,213,0.4694835680751174,-0.003567133264360102,-0.0034452886990867563,0.05542678003527599,-0.7597993853087017
0.18,alternating,48,0.0008,0.02,106,0.4716981132075472,-0.0019347660060235663,-0.0030301946732088406,0.05912633896740797,-0.20508519663849803
0.2,raw,1,0.0004,none,291,0.5051546391752577,0.0003256155977231556,0.00023152130219235046,0.009528704614011474,0.09475413893743828
0.2,raw,1,0.0004,0.02,139,0.460431654676259,-0.0008791211440874729,-0.0003737467491092158,0.008725189692043256,-0.12219783902815874
0.2,raw,1,0.0006,none,291,0.5017182130584192,0.00012561559772315928,3.152130219235053e-05,0.009528704614011474,0.03655413893743935
0.2,raw,1,0.0006,0.02,139,0.45323741007194246,-0.0010791211440874726,-0.0005737467491092157,0.008725189692043256,-0.1499978390281587
0.2,raw,1,0.0008,none,291,0.4879725085910653,-7.438440227683748e-05,-0.00016847869780764956,0.009528704614011474,-0.021645861062559706
0.2,raw,1,0.0008,0.02,139,0.43884892086330934,-0.0012791211440874722,-0.0007737467491092158,0.008725189692043256,-0.17779783902815866
0.2,raw,4,0.0004,none,291,0.49140893470790376,0.00029795189728461143,-0.00016690961346881272,0.02011056358652756,0.08670400210982193
0.2,raw,4,0.0004,0.02,139,0.4316546762589928,-0.0008219357744875312,-0.0010309244217566068,0.018588882679769023,-0.11424907265376684
0.2,raw,4,0.0006,none,291,0.4879725085910653,9.795189728460888e-05,-0.00036690961346881265,0.02011056358652756,0.028504002109821184
0.2,raw,4,0.0006,0.02,139,0.4244604316546763,-0.0010219357744875287,-0.0012309244217566066,0.018588882679769023,-0.14204907265376648
0.2,raw,4,0.0008,none,291,0.4742268041237113,-0.00010204810271538911,-0.0005669096134688127,0.02011056358652756,-0.02969599789017823
0.2,raw,4,0.0008,0.02,139,0.41007194244604317,-0.001221935774487529,-0.0014309244217566067,0.018588882679769023,-0.16984907265376653
0.2,raw,24,0.0004,none,291,0.5051546391752577,-0.0024849767991775074,3.1652782712843555e-05,0.0480832937550125,-0.7231282485606546
0.2,raw,24,0.0004,0.02,139,0.4460431654676259,-0.004955631785132037,-0.001833622318012251,0.044133027692890285,-0.6888328181333532
0.2,raw,24,0.0006,none,291,0.4948453608247423,-0.002684976799177534,-0.00016834721728715637,0.0480832937550125,-0.7813282485606624
0.2,raw,24,0.0006,0.02,139,0.4316546762589928,-0.005155631785132053,-0.0020336223180122508,0.044133027692890285,-0.7166328181333553
0.2,raw,24,0.0008,none,291,0.4948453608247423,-0.002884976799177538,-0.00036834721728715646,0.0480832937550125,-0.8395282485606635
0.2,raw,24,0.0008,0.02,139,0.4316546762589928,-0.005355631785132058,-0.002233622318012251,0.044133027692890285,-0.744432818133356
0.2,raw,48,0.0004,none,291,0.49140893470790376,-0.0019985951363294912,-0.0007851421322595971,0.05295777568032486,-0.581591184671882
0.2,raw,48,0.0004,0.02,139,0.4748201438848921,-0.0020559932870913983,-0.0018529211351506088,0.05092475868721196,-0.2857830669057044
0.2,raw,48,0.0006,none,291,0.4845360824742268,-0.002198595136329483,-0.000985142132259597,0.05295777568032486,-0.6397911846718796
0.2,raw,48,0.0006,0.02,139,0.4676258992805755,-0.002255993287091392,-0.0020529211351506087,0.05092475868721196,-0.3135830669057035
0.2,raw,48,0.0008,none,291,0.4845360824742268,-0.002398595136329493,-0.001185142132259597,0.05295777568032486,-0.6979911846718825
0.2,raw,48,0.0008,0.02,139,0.4676258992805755,-0.0024559932870913937,-0.0022529211351506088,0.05092475868721196,-0.34138306690570375
0.2,alternating,1,0.0004,none,174,0.5172413793103449,0.00028923760510783116,0.000284113529778263,0.009928388793357962,0.05032734328876262
0.2,alternating,1,0.0004,0.02,90,0.4666666666666667,-0.0006040086597324594,-0.00037931466684591985,0.008608254245595613,-0.05436077937592134
0.2,alternating,1,0.0006,none,174,0.5114942528735632,8.923760510782691e-05,8.411352977826306e-05,0.009928388793357964,0.015527343288761881
0.2,alternating,1,0.0006,0.02,90,0.45555555555555555,-0.0008040086597324609,-0.0005793146668459198,0.008608254245595613,-0.07236077937592147
0.2,alternating,1,0.0008,none,174,0.4942528735632184,-0.00011076239489217048,-0.00011588647022173703,0.009928388793357962,-0.019272656711237665
0.2,alternating,1,0.0008,0.02,90,0.4444444444444444,-0.0010040086597324592,-0.0007793146668459199,0.008608254245595613,-0.09036077937592132
0.2,alternating,4,0.0004,none,174,0.5172413793103449,0.001103727479760353,0.0008528687166056818,0.0201625338228439,0.19204858147830145
0.2,alternating,4,0.0004,0.02,90,0.4888888888888889,0.0010793559934228515,-0.0003217894191491651,0.019807656781628102,0.09714203940805664
0.2,alternating,4,0.0006,none,174,0.5114942528735632,0.0009037274797603549,0.0006528687166056818,0.0201625338228439,0.15724858147830176
0.2,alternating,4,0.0006,0.02,90,0.4777777777777778,0.0008793559934228529,-0.0005217894191491651,0.019807656781628102,0.07914203940805677
0.2,alternating,4,0.0008,none,174,0.5114942528735632,0.0007037274797603561,0.00045286871660568174,0.0201625338228439,0.12244858147830197
0.2,alternating,4,0.0008,0.02,90,0.4777777777777778,0.0006793559934228555,-0.0007217894191491652,0.019807656781628102,0.06114203940805699
0.2,alternating,24,0.0004,none,174,0.5057471264367817,-0.0012861192387769835,2.3115380013605583e-05,0.04926282071660837,-0.22378474754719513
0.2,alternating,24,0.0004,0.02,90,0.4777777777777778,-0.002277448749614368,-0.0011939793547427354,0.04747757880484418,-0.2049703874652931
0.2,alternating,24,0.0006,none,174,0.4885057471264368,-0.0014861192387769688,-0.00017688461998639435,0.04926282071660837,-0.2585847475471926
0.2,alternating,24,0.0006,0.02,90,0.45555555555555555,-0.0024774487496143634,-0.0013939793547427352,0.04747757880484418,-0.22297038746529269
0.2,alternating,24,0.0008,none,174,0.4885057471264368,-0.001686119238776984,-0.00037688461998639444,0.04926282071660837,-0.29338474754719523
0.2,alternating,24,0.0008,0.02,90,0.45555555555555555,-0.0026774487496143643,-0.0015939793547427353,0.04747757880484418,-0.24097038746529278
0.2,alternating,48,0.0004,none,174,0.4827586206896552,-0.002699564387481113,-0.002510447737435961,0.05454520343214327,-0.46972420342171367
0.2,alternating,48,0.0004,0.02,90,0.4888888888888889,-0.00044850360136788366,-0.001805608391958746,0.05563384871589749,-0.04036532412310953
0.2,alternating,48,0.0006,none,174,0.47701149425287354,-0.0028995643874811018,-0.0027104477374359608,0.05454520343214328,-0.5045242034217117
0.2,alternating,48,0.0006,0.02,90,0.4888888888888889,-0.0006485036013678771,-0.0020056083919587457,0.05563384871589749,-0.058365324123108936
0.2,alternating,48,0.0008,none,174,0.47701149425287354,-0.0030995643874811123,-0.002910447737435961,0.05454520343214327,-0.5393242034217135
0.2,alternating,48,0.0008,0.02,90,0.4888888888888889,-0.000848503601367877,-0.002205608391958746,0.05563384871589749,-0.07636532412310892
0.22,raw,1,0.0004,none,225,0.5111111111111111,0.0004199958324924365,0.00024453902534444827,0.009990596009576679,0.09449906231079822
0.22,raw,1,0.0004,0.02,106,0.4528301886792453,-0.0009118315292495601,-0.00037931466684591985,0.008924696447509362,-0.09665414210045337
0.22,raw,1,0.0006,none,225,0.5066666666666667,0.00021999583249243134,4.4539025344448343e-05,0.009990596009576679,0.04949906231079705
0.22,raw,1,0.0006,0.02,106,0.44339622641509435,-0.0011118315292495643,-0.0005793146668459198,0.008924696447509362,-0.11785414210045382
0.22,raw,1,0.0008,none,225,0.4888888888888889,1.9995832492434198e-05,-0.00015546097465555175,0.009990596009576677,0.004499062310797695
0.22,raw,1,0.0008,0.02,106,0.42452830188679247,-0.00131183152924956,-0.0007793146668459199,0.008924696447509362,-0.13905414210045336
0.22,raw,4,0.0004,none,225,0.5066666666666667,0.0007677859988626543,0.0003194151481122457,0.021915153596426356,0.1727518497440972
0.22,raw,4,0.0004,0.02,106,0.42452830188679247,-0.0010806541525822605,-0.0011185097775110338,0.020278860879957235,-0.11454934017371961
0.22,raw,4,0.0006,none,225,0.5066666666666667,0.000567785998862652,0.00011941514811224577,0.021915153596426356,0.1277518497440967
0.22,raw,4,0.0006,0.02,106,0.42452830188679247,-0.0012806541525822567,-0.0013185097775110337,0.020278860879957235,-0.1357493401737192
0.22,raw,4,0.0008,none,225,0.49333333333333335,0.00036778599886265435,-8.058485188775432e-05,0.021915153596426356,0.08275184974409723
0.22,raw,4,0.0008,0.02,106,0.4056603773584906,-0.0014806541525822592,-0.0015185097775110338,0.020278860879957235,-0.15694934017371948
0.22,raw,24,0.0004,none,225,0.5244444444444445,-0.0007925322568715841,0.0015155369387529042,0.04912827548840188,-0.17831975779610643
0.22,raw,24,0.0004,0.02,106,0.4056603773584906,-0.004509592626549761,-0.0040030964435698755,0.043242045701914616,-0.4780168184142746
0.22,raw,24,0.0006,none,225,0.5155555555555555,-0.0009925322568715782,0.0013155369387529044,0.04912827548840188,-0.22331975779610508
0.22,raw,24,0.0006,0.02,106,0.39622641509433965,-0.004709592626549743,-0.004203096443569875,0.043242045701914616,-0.4992168184142728
0.22,raw,24,0.0008,none,225,0.5155555555555555,-0.0011925322568715785,0.0011155369387529043,0.04912827548840188,-0.2683197577961052
0.22,raw,24,0.0008,0.02,106,0.39622641509433965,-0.004909592626549759,-0.004403096443569876,0.043242045701914616,-0.5204168184142745
0.22,raw,48,0.0004,none,225,0.49777777777777776,-0.0003778287252166221,-0.0006744593858029498,0.05423929078167144,-0.08501146317373996
0.22,raw,48,0.0004,0.02,106,0.4339622641509434,-0.0028604175762970696,-0.003120650238996314,0.049068776602852665,-0.3032042630874894
0.22,raw,48,0.0006,none,225,0.4888888888888889,-0.0005778287252166194,-0.0008744593858029498,0.05423929078167144,-0.13001146317373935
0.22,raw,48,0.0006,0.02,106,0.42452830188679247,-0.003060417576297061,-0.0033206502389963137,0.049068776602852665,-0.3244042630874885
0.22,raw,48,0.0008,none,225,0.4888888888888889,-0.0007778287252166173,-0.0010744593858029497,0.05423929078167144,-0.1750114631737389
0.22,raw,48,0.0008,0.02,106,0.42452830188679247,-0.0032604175762970663,-0.003520650238996314,0.049068776602852665,-0.34560426308748904
0.22,alternating,1,0.0004,none,137,0.49635036496350365,0.0006188564872448826,-0.00011813734910730533,0.010215498491359918,0.08478333875254891
0.22,alternating,1,0.0004,0.02,66,0.4090909090909091,-0.0007669282397579695,-0.00046315397749356857,0.007213882436734273,-0.05061726382402599
0.22,alternating,1,0.0006,none,137,0.48905109489051096,0.0004188564872448807,-0.00031813734910730526,0.010215498491359918,0.057383338752548654
0.22,alternating,1,0.0006,0.02,66,0.3939393939393939,-0.0009669282397579741,-0.0006631539774935685,0.007213882436734273,-0.06381726382402629
0.22,alternating,1,0.0008,none,137,0.4744525547445255,0.00021885648724488142,-0.0005181373491073054,0.010215498491359918,0.029983338752548754
0.22,alternating,1,0.0008,0.02,66,0.3787878787878788,-0.0011669282397579715,-0.0008631539774935686,0.007213882436734273,-0.07701726382402611
0.22,alternating,4,0.0004,none,137,0.5036496350364964,0.0012517725616218705,0.0003194151481122457,0.020371134582845247,0.17149284094219625
0.22,alternating,4,0.0004,0.02,66,0.4393939393939394,-0.0002338162362825156,-0.0009968771024162933,0.01738291309160172,-0.01543187159464603
0.22,alternating,4,0.0006,none,137,0.5036496350364964,0.0010517725616218689,0.00011941514811224577,0.020371134582845247,0.14409284094219604
0.22,alternating,4,0.0006,0.02,66,0.4393939393939394,-0.0004338162362825191,-0.0011968771024162932,0.01738291309160172,-0.028631871594646262
0.22,alternating,4,0.0008,none,137,0.49635036496350365,0.0008517725616218704,-8.058485188775432e-05,0.020371134582845247,0.11669284094219624
0.22,alternating,4,0.0008,0.02,66,0.4393939393939394,-0.000633816236282516,-0.0013968771024162933,0.01738291309160172,-0.041831871594646054
0.22,alternating,24,0.0004,none,137,0.5328467153284672,0.0015236326037071756,0.002064787860815942,0.05161164519270426,0.20873766670788307
0.22,alternating,24,0.0004,0.02,66,0.4393939393939394,-0.00026057150209536607,-0.0019154393717304872,0.04767658983763819,-0.01719771913829416
0.22,alternating,24,0.0006,none,137,0.5255474452554745,0.0013236326037071855,0.0018647878608159425,0.05161164519270426,0.18133766670788443
0.22,alternating,24,0.0006,0.02,66,0.42424242424242425,-0.00046057150209536074,-0.002115439371730487,0.04767658983763819,-0.030397719138293807
0.22,alternating,24,0.0008,none,137,0.5255474452554745,0.001123632603707184,0.0016647878608159424,0.05161164519270426,0.1539376667078842
0.22,alternating,24,0.0008,0.02,66,0.42424242424242425,-0.0006605715020953615,-0.002315439371730487,0.04767658983763819,-0.043597719138293856
0.22,alternating,48,0.0004,none,137,0.4744525547445255,-0.0017533952847015805,-0.002215100647330925,0.0565019968265152,-0.24021515400411653
0.22,alternating,48,0.0004,0.02,66,0.4090909090909091,-0.0017184056695985473,-0.004678101314948213,0.05550223239801314,-0.11341477419350413
0.22,alternating,48,0.0006,none,137,0.46715328467153283,-0.001953395284701573,-0.002415100647330925,0.0565019968265152,-0.2676151540041155
0.22,alternating,48,0.0006,0.02,66,0.4090909090909091,-0.0019184056695985448,-0.004878101314948213,0.05550223239801315,-0.12661477419350395
0.22,alternating,48,0.0008,none,137,0.46715328467153283,-0.0021533952847015737,-0.002615100647330925,0.0565019968265152,-0.2950151540041156
0.22,alternating,48,0.0008,0.02,66,0.4090909090909091,-0.002118405669598545,-0.005078101314948213,0.05550223239801314,-0.13981477419350397
