trade_no,timestamp,timestamp_kst,direction,gross_return,net_return,pnl_amount,capital_before,capital_after,exit_type,exit_timestamp,exit_timestamp_kst
1,1628946000000,2021-08-14 22:00,long,-0.011508850020025996,-0.012308850020025996,-123.08850020025996,10000.0,9876.91149979974,timeout,1629032400000,2021-08-15 22:00
2,1629147600000,2021-08-17 06:00,short,-0.01538520892913331,-0.016185208929133308,-159.8598761988182,9876.91149979974,9717.051623600923,sl,1629192600000,2021-08-17 18:30
3,1629979200000,2021-08-26 21:00,long,0.02533141211613632,0.024531412116136322,238.3729979323258,9717.051623600923,9955.424621533248,tp,1630064100000,2021-08-27 20:35
4,1630404000000,2021-08-31 19:00,short,-0.015475990034020448,-0.016275990034020447,-162.0343919245169,9955.424621533248,9793.39022960873,sl,1630409700000,2021-08-31 20:35
5,1630753200000,2021-09-04 20:00,short,-0.005027695778238028,-0.005827695778238029,-57.07289889572836,9793.39022960873,9736.317330713002,timeout,1630839600000,2021-09-05 20:00
6,1632654000000,2021-09-26 20:00,short,-0.016529942999836233,-0.017329942999836232,-168.72982436957398,9736.317330713002,9567.587506343429,sl,1632694200000,2021-09-27 07:10
7,1634565600000,2021-10-18 23:00,long,0.011787853584034114,0.010987853584034113,105.12725067213565,9567.587506343429,9672.714757015565,timeout,1634652000000,2021-10-19 23:00
8,1634814000000,2021-10-21 20:00,short,0.03251629782401477,0.03171629782401477,306.7827020002483,9672.714757015565,9979.497459015813,tp,1634826000000,2021-10-21 23:20
9,1635966000000,2021-11-04 04:00,long,-0.015930228375906963,-0.01673022837590696,-166.95927156611776,9979.497459015813,9812.538187449694,sl,1636011600000,2021-11-04 16:40
10,1636038000000,2021-11-05 00:00,short,0.006970602779633239,0.006170602779633239,60.54927541473439,9812.538187449694,9873.087462864429,timeout,1636124400000,2021-11-06 00:00
11,1636124400000,2021-11-06 00:00,short,0.010305164409301626,0.009505164409301626,93.84531956194105,9873.087462864429,9966.93278242637,timeout,1636210800000,2021-11-07 00:00
12,1636747200000,2021-11-13 05:00,short,-0.0013170449285515584,-0.0021170449285515583,-21.100444500250017,9966.93278242637,9945.832337926118,timeout,1636833600000,2021-11-14 05:00
13,1637146800000,2021-11-17 20:00,long,-0.016119941988880893,-0.01691994198888089,-168.28290618884552,9945.832337926118,9777.549431737272,sl,1637163000000,2021-11-18 00:30
14,1637168400000,2021-11-18 02:00,long,-0.0159549961088713,-0.0167549961088713,-163.82280268305476,9777.549431737272,9613.726629054217,sl,1637227200000,2021-11-18 18:20
15,1637427600000,2021-11-21 02:00,short,-0.015680807920396056,-0.016480807920396055,-158.4419819726392,9613.726629054217,9455.284647081578,sl,1637432400000,2021-11-21 03:20
16,1637586000000,2021-11-22 22:00,long,0.032825956911895826,0.032025956911895824,302.81453869714477,9455.284647081578,9758.099185778723,tp,1637588100000,2021-11-22 22:35
17,1637661600000,2021-11-23 19:00,long,0.004714856815717594,0.003914856815717594,38.201561105894136,9758.099185778723,9796.300746884617,timeout,1637748000000,2021-11-24 19:00
18,1637683200000,2021-11-24 01:00,short,0.005747593844305343,0.004947593844305343,48.46811727225016,9796.300746884617,9844.768864156867,timeout,1637769600000,2021-11-25 01:00
19,1637802000000,2021-11-25 10:00,long,-0.015034181932324864,-0.015834181932324862,-155.88386127674704,9844.768864156867,9688.88500288012,sl,1637815200000,2021-11-25 13:40
20,1637827200000,2021-11-25 17:00,long,0.0263112973530486,0.025511297353048603,247.17602632796792,9688.88500288012,9936.06102920809,tp,1637855700000,2021-11-26 00:55
21,1638003600000,2021-11-27 18:00,long,-0.01587393292877881,-0.01667393292877881,-165.67321517726862,9936.06102920809,9770.38781403082,sl,1638046200000,2021-11-28 05:50
22,1638025200000,2021-11-28 00:00,short,0.006004356076355077,0.005204356076355077,50.8485771882969,9770.38781403082,9821.236391219118,timeout,1638111600000,2021-11-29 00:00
23,1638057600000,2021-11-28 09:00,short,-0.017015393165989323,-0.017815393165989322,-174.96918768569068,9821.236391219118,9646.267203533427,sl,1638134700000,2021-11-29 06:25
24,1638100800000,2021-11-28 21:00,short,-0.018804975610015706,-0.019604975610015705,-189.11483325296723,9646.267203533427,9457.15237028046,sl,1638134700000,2021-11-29 06:25
25,1638288000000,2021-12-01 01:00,short,-0.015172522326616367,-0.015972522326616365,-151.05457738051754,9457.15237028046,9306.097792899944,sl,1638368400000,2021-12-01 23:20
26,1638345600000,2021-12-01 17:00,long,0.027064089713282335,0.026264089713282337,244.41618731330286,9306.097792899944,9550.513980213247,tp,1638369900000,2021-12-01 23:45
27,1638381600000,2021-12-02 03:00,short,0.0251408156791465,0.0243408156791465,232.46730043348245,9550.513980213247,9782.981280646729,tp,1638392700000,2021-12-02 06:05
28,1638403200000,2021-12-02 09:00,long,-0.015229688813797604,-0.016029688813797602,-156.8181455999742,9782.981280646729,9626.163135046754,sl,1638414600000,2021-12-02 12:10
29,1638428400000,2021-12-02 16:00,short,-0.0002669212160726353,-0.0010669212160726352,-10.270357678157653,9626.163135046754,9615.892777368597,timeout,1638514800000,2021-12-03 16:00
30,1638482400000,2021-12-03 07:00,short,0.027942378067273843,0.027142378067273844,260.9981972177064,9615.892777368597,9876.890974586304,tp,1638547800000,2021-12-04 01:10
31,1638504000000,2021-12-03 13:00,long,-0.019779701356693935,-0.020579701356693934,-203.26346658961182,9876.890974586304,9673.627507996693,sl,1638547800000,2021-12-04 01:10
32,1638525600000,2021-12-03 19:00,long,-0.016244581839561234,-0.017044581839561233,-164.8829357454804,9673.627507996693,9508.744572251213,sl,1638543000000,2021-12-03 23:50
33,1638716400000,2021-12-06 00:00,long,-0.016100091160100805,-0.016900091160100803,-160.69865008915923,9508.744572251213,9348.045922162053,sl,1638718200000,2021-12-06 00:30
34,1639148400000,2021-12-11 00:00,short,0.02769303889382757,0.026893038893827572,251.39736256599033,9348.045922162053,9599.443284728044,tp,1639181400000,2021-12-11 09:10
35,1639180800000,2021-12-11 09:00,long,0.028452857130323306,0.027652857130323307,265.4520336832261,9599.443284728044,9864.89531841127,tp,1639192500000,2021-12-11 12:15
36,1639245600000,2021-12-12 03:00,short,-0.015374980733652288,-0.016174980733652287,-159.56449171479895,9864.89531841127,9705.330826696472,sl,1639268100000,2021-12-12 09:15
37,1639490400000,2021-12-14 23:00,short,-0.01656329547329105,-0.01736329547329105,-168.51652680997094,9705.330826696472,9536.8142998865,sl,1639515900000,2021-12-15 06:05
38,1639562400000,2021-12-15 19:00,short,0.02557885076108324,0.02477885076108324,236.31129827305213,9536.8142998865,9773.125598159553,tp,1639579200000,2021-12-15 23:40
39,1639922400000,2021-12-19 23:00,long,-0.0165803677388916,-0.017380367738891598,-169.86051685438795,9773.125598159553,9603.265081305166,sl,1639923000000,2021-12-19 23:10
40,1639962000000,2021-12-20 10:00,long,-0.015953150436017416,-0.016753150436017415,-160.88494458405845,9603.265081305166,9442.380136721107,sl,1639989900000,2021-12-20 17:45
41,1640869200000,2021-12-30 22:00,long,0.009227925725938224,0.008427925725938224,79.5796784683599,9442.380136721107,9521.959815189468,timeout,1640955600000,2021-12-31 22:00
42,1640991600000,2022-01-01 08:00,long,0.03137135009142167,0.03057135009142167,291.099167066606,9521.959815189468,9813.058982256074,tp,1641058800000,2022-01-02 02:40
43,1641146400000,2022-01-03 03:00,short,0.01295469218418277,0.01215469218418277,119.27471131455243,9813.058982256074,9932.333693570627,timeout,1641232800000,2022-01-04 03:00
44,1641204000000,2022-01-03 19:00,long,-0.01562670408670741,-0.01642670408670741,-163.1555064747183,9932.333693570627,9769.178187095908,sl,1641227100000,2022-01-04 01:25
45,1641294000000,2022-01-04 20:00,long,-0.01837863431342379,-0.01917863431342379,-187.3594959929888,9769.178187095908,9581.818691102919,sl,1641321300000,2022-01-05 03:35
46,1641326400000,2022-01-05 05:00,long,-0.017858651490156974,-0.018658651490156972,-178.78381559916141,9581.818691102919,9403.034875503758,sl,1641411900000,2022-01-06 04:45
47,1641384000000,2022-01-05 21:00,short,0.035946636860376247,0.035146636860376244,330.4850521547837,9403.034875503758,9733.51992765854,tp,1641412500000,2022-01-06 04:55
48,1641549600000,2022-01-07 19:00,long,-0.022068686774363355,-0.022868686774363354,-222.59281843764703,9733.51992765854,9510.927109220895,sl,1641562800000,2022-01-07 22:40
49,1641837600000,2022-01-11 03:00,short,-0.0165821544352176,-0.0173821544352176,-165.32040383457527,9510.927109220895,9345.606705386319,sl,1641848400000,2022-01-11 06:00
50,1642086000000,2022-01-14 00:00,short,0.025912085979537647,0.025112085979537648,234.6876791166048,9345.606705386319,9580.294384502924,tp,1642089000000,2022-01-14 00:50
51,1642255200000,2022-01-15 23:00,long,0.006721678239253848,0.005921678239253847,56.73142078235679,9580.294384502924,9637.02580528528,timeout,1642341300000,2022-01-16 22:55
52,1642341600000,2022-01-16 23:00,long,-0.018372640546094998,-0.019172640546094997,-184.76723169817635,9637.02580528528,9452.258573587103,sl,1642395600000,2022-01-17 14:00
53,1642507200000,2022-01-18 21:00,short,-0.015167823857899165,-0.015967823857899164,-150.93199996235606,9452.258573587103,9301.326573624747,sl,1642546800000,2022-01-19 08:00
54,1642532400000,2022-01-19 04:00,long,0.006871196934171264,0.006071196934171264,56.470185377516266,9301.326573624747,9357.796759002264,timeout,1642618800000,2022-01-20 04:00
55,1642608000000,2022-01-20 01:00,short,-0.01865221311907872,-0.01945221311907872,-182.02985688113614,9357.796759002264,9175.766902121128,sl,1642689000000,2022-01-20 23:30
56,1642672800000,2022-01-20 19:00,long,0.029386020010056857,0.02858602001005686,262.29865627165196,9175.766902121128,9438.06555839278,tp,1642691100000,2022-01-21 00:05
57,1642986000000,2022-01-24 10:00,short,0.025624073157814564,0.024824073157814566,234.29122988979236,9438.06555839278,9672.356788282572,tp,1643002500000,2022-01-24 14:35
58,1643223600000,2022-01-27 04:00,short,0.02786746953281638,0.02706746953281638,261.8062226773682,9672.356788282572,9934.163010959941,tp,1643226300000,2022-01-27 04:45
59,1645441200000,2022-02-21 20:00,short,-0.017889969900699798,-0.018689969900699797,-185.66920766348656,9934.163010959941,9748.493803296455,sl,1645456200000,2022-02-22 00:10
60,1645473600000,2022-02-22 05:00,long,-0.015178989966897705,-0.015978989966897703,-155.77108467523848,9748.493803296455,9592.722718621217,sl,1645480200000,2022-02-22 06:50
61,1646575200000,2022-03-06 23:00,long,-0.016906379826736595,-0.017706379826736594,-169.85239202847254,9592.722718621217,9422.870326592743,sl,1646612100000,2022-03-07 09:15
62,1646668800000,2022-03-08 01:00,short,0.02652982258540304,0.02572982258540304,242.4487817484901,9422.870326592743,9665.319108341233,tp,1646676300000,2022-03-08 03:05
63,1646985600000,2022-03-11 17:00,long,0.02544018038469953,0.02464018038469953,238.1552063052112,9665.319108341233,9903.474314646444,tp,1647001500000,2022-03-11 21:25
64,1647007200000,2022-03-11 23:00,short,0.004099024060098655,0.003299024060098655,32.671800042587655,9903.474314646444,9936.146114689032,timeout,1647093300000,2022-03-12 22:55
65,1647885600000,2022-03-22 03:00,long,0.02512192058302376,0.02432192058302376,241.66615670278676,9936.146114689032,10177.812271391818,tp,1647918600000,2022-03-22 12:10
66,1648047600000,2022-03-24 00:00,long,0.0251650831816308,0.0243650831816308,247.98324259948436,10177.812271391818,10425.795513991303,tp,1648133700000,2022-03-24 23:55
67,1648832400000,2022-04-02 02:00,short,-0.01927298255969756,-0.02007298255969756,-209.27681152332048,10425.795513991303,10216.518702467982,sl,1648860600000,2022-04-02 09:50
68,1649098800000,2022-04-05 04:00,short,-0.01520728495315482,-0.01600728495315482,-163.5387260996405,10216.518702467982,10052.97997636834,sl,1649106300000,2022-04-05 06:05
69,1649426400000,2022-04-08 23:00,short,-0.015755780766786076,-0.016555780766786075,-166.43493254164449,10052.97997636834,9886.545043826696,sl,1649430300000,2022-04-09 00:05
70,1649858400000,2022-04-13 23:00,long,0.0003134923916383592,-0.00048650760836164086,-4.80987938423176,9886.545043826696,9881.735164442465,timeout,1649944800000,2022-04-14 23:00
71,1650034800000,2022-04-16 00:00,short,0.0030604154618799617,0.002260415461879962,22.336826955908677,9881.735164442465,9904.071991398374,timeout,1650121200000,2022-04-17 00:00
72,1650214800000,2022-04-18 02:00,short,0.030255928417201372,0.029455928417201373,291.7336356174396,9904.071991398374,10195.805627015814,tp,1650255300000,2022-04-18 13:15
73,1650301200000,2022-04-19 02:00,short,-0.015619798410932528,-0.016419798410932527,-167.41307303265117,10195.805627015814,10028.392553983163,sl,1650301500000,2022-04-19 02:05
74,1650463200000,2022-04-20 23:00,short,-0.0181838082557233,-0.018983808255723298,-190.37708135793963,10028.392553983163,9838.015472625224,sl,1650536100000,2022-04-21 19:15
75,1650729600000,2022-04-24 01:00,short,0.0010324842199896933,0.00023248421998969327,2.2871833533998087,9838.015472625224,9840.302655978623,timeout,1650816000000,2022-04-25 01:00
76,1650916800000,2022-04-26 05:00,long,-0.01640669329515776,-0.017206693295157758,-169.31906973295045,9840.302655978623,9670.983586245673,sl,1650982500000,2022-04-26 23:15
77,1651082400000,2022-04-28 03:00,short,-0.015038727791103934,-0.015838727791103933,-153.17607649477932,9670.983586245673,9517.807509750894,sl,1651136700000,2022-04-28 18:05
78,1651424400000,2022-05-02 02:00,long,-0.015337180394269567,-0.016137180394269566,-153.59057674278375,9517.807509750894,9364.21693300811,sl,1651431300000,2022-05-02 03:55
79,1651521600000,2022-05-03 05:00,long,-0.017236787576209722,-0.01803678757620972,-168.9003916382134,9364.21693300811,9195.316541369897,sl,1651600800000,2022-05-04 03:00
80,1651759200000,2022-05-05 23:00,short,0.03136165553515513,0.030561655535155132,281.02409667406084,9195.316541369897,9476.340638043957,tp,1651762800000,2022-05-06 00:00
81,1652691600000,2022-05-16 18:00,long,-0.016870538635855192,-0.01767053863585519,-167.45204337108038,9476.340638043957,9308.888594672877,sl,1652719500000,2022-05-17 01:45
82,1653508800000,2022-05-26 05:00,short,0.02546365508352466,0.024663655083524662,229.59121750996846,9308.888594672877,9538.479812182846,tp,1653568500000,2022-05-26 21:35
83,1653573600000,2022-05-26 23:00,long,0.025170165595013616,0.024370165595013617,232.45433254759035,9538.479812182846,9770.934144730436,tp,1653582000000,2022-05-27 01:20
84,1653663600000,2022-05-28 00:00,short,-0.016611150910475825,-0.017411150910475823,-170.12320893022263,9770.934144730436,9600.810935800213,sl,1653744000000,2022-05-28 22:20
85,1654776000000,2022-06-09 21:00,short,0.01000668101848412,0.00920668101848412,88.39160380468658,9600.810935800213,9689.2025396049,timeout,1654862400000,2022-06-10 21:00
86,1655046000000,2022-06-13 00:00,short,-0.016800706565047063,-0.017600706565047062,-170.53681074889462,9689.2025396049,9518.665728856005,sl,1655047800000,2022-06-13 00:30
87,1655323200000,2022-06-16 05:00,long,0.026939737149680898,0.0261397371496809,248.81542016797175,9518.665728856005,9767.481149023977,tp,1655329800000,2022-06-16 06:50
88,1655388000000,2022-06-16 23:00,long,-0.015234923574177994,-0.016034923574177993,-156.62081373682372,9767.481149023977,9610.860335287154,sl,1655412000000,2022-06-17 05:40
89,1655470800000,2022-06-17 22:00,short,0.05216010611132493,0.05136010611132493,493.6148066414721,9610.860335287154,10104.475141928626,tp,1655535000000,2022-06-18 15:50
90,1655503200000,2022-06-18 07:00,short,0.04775788406311632,0.046957884063116316,474.4847722333252,10104.475141928626,10578.959914161951,tp,1655535000000,2022-06-18 15:50
91,1657702800000,2022-07-13 18:00,long,-0.024273690200136477,-0.025073690200136476,-265.2535635273591,10578.959914161951,10313.706350634591,sl,1657715400000,2022-07-13 21:30
92,1659463200000,2022-08-03 03:00,short,-0.01854891413362547,-0.01934891413362547,-199.55901857785642,10313.706350634591,10114.147332056735,sl,1659528900000,2022-08-03 21:15
93,1659704400000,2022-08-05 22:00,short,-0.005420524649499603,-0.006220524649499603,-62.915302787729566,10114.147332056735,10051.232029269006,timeout,1659790800000,2022-08-06 22:00
94,1660467600000,2022-08-14 18:00,short,-0.020385423326331198,-0.021185423326331197,-212.93960549124284,10051.232029269006,9838.292423777762,sl,1660533000000,2022-08-15 12:10
95,1660665600000,2022-08-17 01:00,long,-0.015597749736722566,-0.016397749736722565,-161.3258570018014,9838.292423777762,9676.966566775962,sl,1660743600000,2022-08-17 22:40
96,1660723200000,2022-08-17 17:00,short,0.014362332227297658,0.013562332227297658,131.2422355310676,9676.966566775962,9808.20880230703,timeout,1660809600000,2022-08-18 17:00
97,1661162400000,2022-08-22 19:00,long,0.013409984355807092,0.012609984355807092,123.68135955558105,9808.20880230703,9931.890161862611,timeout,1661248800000,2022-08-23 19:00
98,1661241600000,2022-08-23 17:00,long,-0.00010318973543566035,-0.0009031897354356604,-8.97038124766873,9931.890161862611,9922.919780614942,timeout,1661328000000,2022-08-24 17:00
99,1661518800000,2022-08-26 22:00,long,-0.019725970806940274,-0.020525970806940273,-203.67756173651247,9922.919780614942,9719.24221887843,sl,1661524200000,2022-08-26 23:30
100,1661868000000,2022-08-30 23:00,short,0.026578466410649093,0.025778466410649094,250.54715907632016,9719.24221887843,9969.78937795475,tp,1661870700000,2022-08-30 23:45
101,1661911200000,2022-08-31 11:00,long,-0.01697871616037261,-0.017778716160372608,-177.25005552935528,9969.78937795475,9792.539322425395,sl,1661958300000,2022-09-01 00:05
102,1661958000000,2022-09-01 00:00,short,0.01645002386777994,0.01565002386777994,153.25347412213102,9792.539322425395,9945.792796547526,timeout,1662044400000,2022-09-02 00:00
103,1662055200000,2022-09-02 03:00,long,0.025066676140472754,0.024266676140472756,241.35133275406568,9945.792796547526,10187.144129301592,tp,1662088500000,2022-09-02 12:15
104,1662282000000,2022-09-04 18:00,long,0.002266740027231373,0.0014667400272313732,14.941892057621741,10187.144129301592,10202.086021359213,timeout,1662368400000,2022-09-05 18:00
105,1662314400000,2022-09-05 03:00,short,-0.0007314753858531642,-0.0015314753858531641,-15.624243626068273,10202.086021359213,10186.461777733144,timeout,1662400800000,2022-09-06 03:00
106,1662361200000,2022-09-05 16:00,long,0.0050938466635810364,0.004293846663581036,43.73910491801521,10186.461777733144,10230.20088265116,timeout,1662447600000,2022-09-06 16:00
107,1662400800000,2022-09-06 03:00,short,-0.015410246780710235,-0.016210246780710234,-165.83408092401496,10230.20088265116,10064.366801727145,sl,1662426000000,2022-09-06 10:00
108,1662422400000,2022-09-06 09:00,long,-0.024299192975627548,-0.025099192975627547,-252.60748453404904,10064.366801727145,9811.759317193097,sl,1662483900000,2022-09-07 02:05
109,1662476400000,2022-09-07 00:00,long,-0.026042047739549323,-0.026842047739549322,-263.36771200106494,9811.759317193097,9548.391605192031,sl,1662483900000,2022-09-07 02:05
110,1662652800000,2022-09-09 01:00,short,-0.02394329876767043,-0.024743298767670428,-236.25870623798264,9548.391605192031,9312.132898954049,sl,1662693900000,2022-09-09 12:25
111,1663516800000,2022-09-19 01:00,long,-0.019426077457645352,-0.02022607745764535,-188.34792131013214,9312.132898954049,9123.784977643916,sl,1663535400000,2022-09-19 06:10
112,1663614000000,2022-09-20 04:00,short,-0.019761927753607633,-0.020561927753607632,-187.60260754976483,9123.784977643916,8936.182370094151,sl,1663616400000,2022-09-20 04:40
113,1663696800000,2022-09-21 03:00,short,-0.015025533847285333,-0.01582553384728533,-141.41985656343945,8936.182370094151,8794.762513530712,sl,1663757400000,2022-09-21 19:50
114,1663754400000,2022-09-21 19:00,long,0.028297439166036886,0.027497439166036888,241.83344719555242,8794.762513530712,9036.595960726265,tp,1663782300000,2022-09-22 02:45
115,1663776000000,2022-09-22 01:00,short,-0.01735967250620818,-0.018159672506208178,-164.1016232177126,9036.595960726265,8872.494337508551,sl,1663782300000,2022-09-22 02:45
116,1663819200000,2022-09-22 13:00,long,0.02510779746091929,0.02430779746091929,215.67079532931115,8872.494337508551,9088.165132837863,tp,1663836000000,2022-09-22 17:40
117,1663981200000,2022-09-24 10:00,short,0.012105130083229332,0.011305130083229331,102.74288904460121,9088.165132837863,9190.908021882464,timeout,1664067600000,2022-09-25 10:00
118,1664121600000,2022-09-26 01:00,long,-0.016964273965392462,-0.01776427396539246,-163.26980809144337,9190.908021882464,9027.63821379102,sl,1664143200000,2022-09-26 07:00
119,1664186400000,2022-09-26 19:00,short,-0.01833636756558521,-0.01913636756558521,-172.75620310822808,9027.63821379102,8854.882010682792,sl,1664240700000,2022-09-27 10:05
120,1664208000000,2022-09-27 01:00,short,-0.01845908794395723,-0.01925908794395723,-170.5369513771047,8854.882010682792,8684.345059305688,sl,1664240700000,2022-09-27 10:05
121,1664294400000,2022-09-28 01:00,short,0.02555740499448933,0.02475740499448933,215.00184774512337,8684.345059305688,8899.34690705081,tp,1664295900000,2022-09-28 01:25
122,1664463600000,2022-09-30 00:00,long,0.027513739947253146,0.026713739947253148,237.734838975347,8899.34690705081,9137.081746026159,tp,1664548500000,2022-09-30 23:35
123,1664553600000,2022-10-01 01:00,short,0.014857250618627416,0.014057250618627415,128.44224802677547,9137.081746026159,9265.523994052934,timeout,1664640000000,2022-10-02 01:00
124,1664776800000,2022-10-03 15:00,long,0.017538986342124474,0.016738986342124475,155.09547958907868,9265.523994052934,9420.619473642013,timeout,1664863200000,2022-10-04 15:00
125,1665064800000,2022-10-06 23:00,short,0.02517808922787701,0.02437808922787701,229.65670211032077,9420.619473642013,9650.276175752333,tp,1665147000000,2022-10-07 21:50
126,1665396000000,2022-10-10 19:00,long,-0.015334732418493924,-0.016134732418493922,-155.7046238603307,9650.276175752333,9494.571551892002,sl,1665446700000,2022-10-11 09:05
127,1665424800000,2022-10-11 03:00,long,-0.01509006152500214,-0.01589006152500214,-150.86932611309896,9494.571551892002,9343.702225778903,sl,1665446700000,2022-10-11 09:05
128,1665496800000,2022-10-11 23:00,short,-0.007640893810559657,-0.008440893810559657,-78.86919828528964,9343.702225778903,9264.833027493614,timeout,1665583200000,2022-10-12 23:00
129,1665572400000,2022-10-12 20:00,short,0.02507778030297092,0.02427778030297092,224.9295807851989,9264.833027493614,9489.762608278814,tp,1665657000000,2022-10-13 19:30
130,1665673200000,2022-10-14 00:00,long,0.028401633664577153,0.027601633664577154,261.932951077514,9489.762608278814,9751.695559356327,tp,1665675300000,2022-10-14 00:35
131,1666000800000,2022-10-17 19:00,long,0.009588520654087107,0.008788520654087107,85.7029778357726,9751.695559356327,9837.398537192099,timeout,1666087200000,2022-10-18 19:00
132,1666126800000,2022-10-19 06:00,long,-0.009060221546694391,-0.009860221546694392,-96.99892901984143,9837.398537192099,9740.399608172258,timeout,1666213200000,2022-10-20 06:00
133,1666191600000,2022-10-20 00:00,long,0.00842651871935729,0.0076265187193572895,74.28533994574613,9740.399608172258,9814.684948118003,timeout,1666278000000,2022-10-21 00:00
134,1666281600000,2022-10-21 01:00,short,0.0012242803445697836,0.0004242803445697836,4.164177911631375,9814.684948118003,9818.849126029634,timeout,1666368000000,2022-10-22 01:00
135,1666353600000,2022-10-21 21:00,short,-0.0161797158903203,-0.0169797158903203,-166.72126852990297,9818.849126029634,9652.12785749973,sl,1666381200000,2022-10-22 04:40
136,1666627200000,2022-10-25 01:00,long,0.025177441882762608,0.02437744188276261,235.29418589119365,9652.12785749973,9887.422043390925,tp,1666713000000,2022-10-26 00:50
137,1666965600000,2022-10-28 23:00,long,0.015300546448087537,0.014500546448087537,143.3730225920347,9887.422043390925,10030.79506598296,timeout,1667052000000,2022-10-29 23:00
138,1667491200000,2022-11-04 01:00,short,-0.01622962350531232,-0.017029623505312317,-170.82066343263423,10030.79506598296,9859.974402550326,sl,1667541900000,2022-11-04 15:05
139,1667923200000,2022-11-09 01:00,long,0.02994951265510215,0.029149512655102152,287.413448626124,9859.974402550326,10147.38785117645,tp,1667924100000,2022-11-09 01:15
140,1668088800000,2022-11-10 23:00,long,0.027231723252561624,0.026431723252561625,268.21294741870196,10147.38785117645,10415.600798595153,tp,1668098400000,2022-11-11 01:40
141,1668409200000,2022-11-14 16:00,long,0.025138712470696323,0.024338712470696324,253.50231304656245,10415.600798595153,10669.103111641714,tp,1668431700000,2022-11-14 22:15
142,1668430800000,2022-11-14 22:00,short,-0.017163599115020522,-0.01796359911502052,-191.65549121434978,10669.103111641714,10477.447620427365,sl,1668432300000,2022-11-14 22:25
143,1668506400000,2022-11-15 19:00,short,-0.01562504646771057,-0.016425046467710567,-172.092564028523,10477.447620427365,10305.355056398843,sl,1668519000000,2022-11-15 22:30
144,1668704400000,2022-11-18 02:00,long,-0.001397372579711842,-0.002197372579711842,-22.6447046251256,10305.355056398843,10282.710351773718,timeout,1668790800000,2022-11-19 02:00
145,1672416000000,2022-12-31 01:00,long,0.001267377403867842,0.000467377403867842,4.805906468936985,10282.710351773718,10287.516258242655,timeout,1672502400000,2023-01-01 01:00
146,1675879200000,2023-02-09 03:00,long,-0.020958558965919916,-0.021758558965919914,-223.8415291178326,10287.516258242655,10063.674729124821,sl,1675911900000,2023-02-09 12:05
147,1676970000000,2023-02-21 18:00,short,0.028869133743860798,0.0280691337438608,282.4786319265167,10063.674729124821,10346.153361051338,tp,1677031200000,2023-02-22 11:00
148,1677157200000,2023-02-23 22:00,long,-0.003162937228021856,-0.003962937228021856,-41.0011563213338,10346.153361051338,10305.152204730004,timeout,1677243600000,2023-02-24 22:00
149,1677513600000,2023-02-28 01:00,short,0.0005902623694998832,-0.00020973763050011684,-2.161378205363126,10305.152204730004,10302.990826524641,timeout,1677600000000,2023-03-01 01:00
150,1682355600000,2023-04-25 02:00,long,0.010384166176180099,0.009584166176180098,98.7455761930713,10302.990826524641,10401.736402717712,timeout,1682442000000,2023-04-26 02:00
151,1682539200000,2023-04-27 05:00,short,-0.016402445323671966,-0.017202445323671964,-178.93530173899975,10401.736402717712,10222.801100978711,sl,1682541900000,2023-04-27 05:45
152,1683036000000,2023-05-02 23:00,long,0.026542271719854238,0.02574227171985424,263.1581236794191,10222.801100978711,10485.95922465813,tp,1683053400000,2023-05-03 03:50
153,1683738000000,2023-05-11 02:00,short,0.03366805013121921,0.032868050131219205,344.6530334699839,10485.95922465813,10830.612258128114,tp,1683738900000,2023-05-11 02:15
154,1685019600000,2023-05-25 22:00,long,0.0019617013783035375,0.0011617013783035376,12.58193718813862,10830.612258128114,10843.194195316253,timeout,1685106000000,2023-05-26 22:00
155,1686067200000,2023-06-07 01:00,short,-0.021486390994865934,-0.022286390994865932,-241.6556654700787,10843.194195316253,10601.538529846175,sl,1686072300000,2023-06-07 02:25
156,1686416400000,2023-06-11 02:00,short,-0.018712435956785622,-0.01951243595678562,-206.86184160701868,10601.538529846175,10394.676688239157,sl,1686418800000,2023-06-11 02:40
157,1688659200000,2023-07-07 01:00,long,-0.016415580655932405,-0.017215580655932403,-178.9503949187215,10394.676688239157,10215.726293320435,sl,1688685600000,2023-07-07 08:20
158,1689026400000,2023-07-11 07:00,short,-0.015472397527193982,-0.01627239752719398,-166.23435927391796,10215.726293320435,10049.491934046517,sl,1689088800000,2023-07-12 00:20
159,1690934400000,2023-08-02 09:00,long,-0.015115556356568138,-0.015915556356568137,-159.94325523119426,10049.491934046517,9889.548678815323,sl,1690989300000,2023-08-03 00:15
160,1690999200000,2023-08-03 03:00,long,0.0026842827009649906,0.0018842827009649906,18.63470549584289,9889.548678815323,9908.183384311165,timeout,1691085600000,2023-08-04 03:00
161,1692036000000,2023-08-15 03:00,short,0.004614358157719933,0.0038143581577199334,37.79336012013239,9908.183384311165,9945.976744431298,timeout,1692122400000,2023-08-16 03:00
162,1692802800000,2023-08-24 00:00,long,0.02519890589759588,0.02439890589759588,242.6709506470563,9945.976744431298,10188.647695078354,tp,1692819600000,2023-08-24 04:40
163,1692975600000,2023-08-26 00:00,short,-0.008726067675416616,-0.009526067675416616,-97.05774746429393,10188.647695078354,10091.58994761406,timeout,1693062000000,2023-08-27 00:00
164,1694167200000,2023-09-08 19:00,short,-0.000465853517097381,-0.001265853517097381,-12.774474628291832,10091.58994761406,10078.815472985769,timeout,1694253600000,2023-09-09 19:00
165,1695121200000,2023-09-19 20:00,short,0.004030929561806618,0.0032309295618066177,32.56394285966367,10078.815472985769,10111.379415845433,timeout,1695207600000,2023-09-20 20:00
166,1695823200000,2023-09-27 23:00,short,0.000680125127993092,-0.00011987487200690804,-1.212100313287756,10111.379415845433,10110.167315532146,timeout,1695909600000,2023-09-28 23:00
167,1696518000000,2023-10-06 00:00,short,0.025529357688228504,0.024729357688228506,250.01794383363142,10110.167315532146,10360.185259365777,tp,1696597200000,2023-10-06 22:00
168,1696597200000,2023-10-06 22:00,short,-0.015141865514538999,-0.015941865514538998,-165.16068011051854,10360.185259365777,10195.024579255258,sl,1696603800000,2023-10-06 23:50
169,1698847200000,2023-11-01 23:00,short,-0.015428250256101839,-0.016228250256101837,-165.44741023926366,10195.024579255258,10029.577169015995,sl,1698871800000,2023-11-02 05:50
170,1700582400000,2023-11-22 01:00,long,-0.017111148077971428,-0.017911148077971426,-179.64124183368693,10029.577169015995,9849.935927182307,sl,1700607600000,2023-11-22 08:00
171,1704988800000,2024-01-12 01:00,short,0.02826525194405083,0.02746525194405083,270.53097187282,9849.935927182307,10120.466899055127,tp,1705070400000,2024-01-12 23:40
172,1705413600000,2024-01-16 23:00,short,-0.017190913240996197,-0.017990913240996196,-182.0764419392746,10120.466899055127,9938.390457115853,sl,1705440600000,2024-01-17 06:30
173,1705590000000,2024-01-19 00:00,long,-0.015550914460620846,-0.016350914460620845,-162.50177224055182,9938.390457115853,9775.8886848753,sl,1705596000000,2024-01-19 01:40
174,1707145200000,2024-02-06 00:00,short,0.0035981375166813656,0.0027981375166813657,27.354280888050436,9775.8886848753,9803.242965763351,timeout,1707231600000,2024-02-07 00:00
175,1709654400000,2024-03-06 01:00,short,0.02715991991037381,0.02635991991037381,258.41269943945736,9803.242965763351,10061.655665202808,tp,1709658300000,2024-03-06 02:05
176,1709913600000,2024-03-09 01:00,short,-0.016639028267783296,-0.017439028267783294,-175.4654975661737,10061.655665202808,9886.190167636634,sl,1709928000000,2024-03-09 05:00
177,1710777600000,2024-03-19 01:00,long,-0.015778946643493552,-0.01657894664349355,-163.90261929667832,9886.190167636634,9722.287548339957,sl,1710811500000,2024-03-19 10:25
178,1711548000000,2024-03-27 23:00,short,-0.020421683173764915,-0.021221683173764914,-206.3233060751102,9722.287548339957,9515.964242264847,sl,1711632900000,2024-03-28 22:35
179,1712163600000,2024-04-04 02:00,long,-0.015951567353535312,-0.01675156735353531,-159.4073159381332,9515.964242264847,9356.556926326713,sl,1712204400000,2024-04-04 13:20
180,1713193200000,2024-04-16 00:00,short,0.026670691883404762,0.025870691883404764,242.06060133053512,9356.556926326713,9598.617527657249,tp,1713207900000,2024-04-16 04:05
181,1713445200000,2024-04-18 22:00,short,-0.01640966989775161,-0.01720966989775161,-165.18903912575394,9598.617527657249,9433.428488531494,sl,1713449400000,2024-04-18 23:10
182,1713499200000,2024-04-19 13:00,long,0.03212331987914707,0.03132331987914707,295.48629810333085,9433.428488531494,9728.914786634825,tp,1713509100000,2024-04-19 15:45
183,1714143600000,2024-04-27 00:00,short,0.011952699892457064,0.011152699892457063,108.50366689462615,9728.914786634825,9837.418453529452,timeout,1714230000000,2024-04-28 00:00
184,1714442400000,2024-04-30 11:00,short,0.026183433936690426,0.025383433936690427,249.70746142274413,9837.418453529452,10087.125914952196,tp,1714469700000,2024-04-30 18:35
185,1714651200000,2024-05-02 21:00,long,0.013457414366379927,0.012657414366379927,127.67693247139918,10087.125914952196,10214.802847423594,timeout,1714737600000,2024-05-03 21:00
186,1717164000000,2024-05-31 23:00,short,0.004137319607939838,0.003337319607939838,34.09006183394645,10214.802847423594,10248.89290925754,timeout,1717250400000,2024-06-01 23:00
187,1717329600000,2024-06-02 21:00,long,0.013495812794341422,0.012695812794341422,130.11802572518695,10248.89290925754,10379.010934982727,timeout,1717416000000,2024-06-03 21:00
188,1717426800000,2024-06-04 00:00,short,-0.015147944098806931,-0.01594794409880693,-165.52388619201037,10379.010934982727,10213.487048790717,sl,1717510200000,2024-06-04 23:10
189,1718888400000,2024-06-20 22:00,short,0.02527387615421539,0.024473876154215393,249.9636171347869,10213.487048790717,10463.450665925504,tp,1718956800000,2024-06-21 17:00
190,1718985600000,2024-06-22 01:00,short,-0.010344006581692433,-0.011144006581692434,-116.6047630882879,10463.450665925504,10346.845902837216,timeout,1719072000000,2024-06-23 01:00
191,1720429200000,2024-07-08 18:00,long,-0.016613034829400575,-0.017413034829400573,-180.16998808054507,10346.845902837216,10166.675914756672,sl,1720436400000,2024-07-08 20:00
192,1720706400000,2024-07-11 23:00,short,0.029654705599670983,0.028854705599670984,293.35644044756947,10166.675914756672,10460.032355204241,tp,1720746900000,2024-07-12 10:15
193,1722564000000,2024-08-02 11:00,short,0.029769840184183494,0.028969840184183495,303.02546565165534,10460.032355204241,10763.057820855896,tp,1722611400000,2024-08-03 00:10
194,1722610800000,2024-08-03 00:00,short,0.029893598920557207,0.02909359892055721,313.1360873987479,10763.057820855896,11076.193908254645,tp,1722634200000,2024-08-03 06:30
195,1723086000000,2024-08-08 12:00,long,0.025249292122726086,0.024449292122726087,270.805100470877,11076.193908254645,11346.999008725523,tp,1723128900000,2024-08-08 23:55
196,1723464000000,2024-08-12 21:00,long,-0.017113377380775896,-0.017913377380775895,-203.26307538259027,11346.999008725523,11143.735933342932,sl,1723470300000,2024-08-12 22:45
197,1723744800000,2024-08-16 03:00,short,0.025848310288910548,0.02504831028891055,279.131755436056,11143.735933342932,11422.867688778988,tp,1723750200000,2024-08-16 04:30
198,1725044400000,2024-08-31 04:00,long,-0.007118986240168268,-0.007918986240168268,-90.45753205070352,11422.867688778988,11332.410156728285,timeout,1725130800000,2024-09-01 04:00
199,1725174000000,2024-09-01 16:00,long,-0.015413205353898007,-0.016213205353898006,-183.73469302563518,11332.410156728285,11148.67546370265,sl,1725230100000,2024-09-02 07:35
200,1725372000000,2024-09-03 23:00,short,0.033359596907014066,0.032559596907014064,362.99637914527636,11148.67546370265,11511.671842847925,tp,1725411600000,2024-09-04 10:00
201,1725462000000,2024-09-05 00:00,long,-0.015787266154376534,-0.016587266154376532,-190.9471647391607,11511.671842847925,11320.724678108765,sl,1725517500000,2024-09-05 15:25
202,1725523200000,2024-09-05 17:00,long,-0.016318263026730673,-0.01711826302673067,-193.79114269306675,11320.724678108765,11126.9335354157,sl,1725549900000,2024-09-06 00:25
203,1725613200000,2024-09-06 18:00,long,-0.0165808464306767,-0.017380846430676698,-193.3955230234068,11126.9335354157,10933.538012392293,sl,1725633000000,2024-09-06 23:30
204,1725818400000,2024-09-09 03:00,long,0.02646985647777944,0.025669856477779442,280.6623515724561,10933.538012392293,11214.20036396475,tp,1725898500000,2024-09-10 01:15
205,1726070400000,2024-09-12 01:00,long,0.02996654007027355,0.029166540070273552,327.07942427165415,11214.20036396475,11541.279788236405,tp,1726106400000,2024-09-12 11:00
206,1726228800000,2024-09-13 21:00,short,-0.017572913076192576,-0.018372913076192574,-212.04693033728572,11541.279788236405,11329.232857899118,sl,1726241100000,2024-09-14 00:25
207,1729004400000,2024-10-16 00:00,short,-0.017462706573983633,-0.01826270657398363,-206.90245539214558,11329.232857899118,11122.330402506972,sl,1729008600000,2024-10-16 01:10
208,1731949200000,2024-11-19 02:00,short,-0.012294133702806409,-0.01309413370280641,-145.63728137721492,11122.330402506972,10976.693121129758,timeout,1732035600000,2024-11-20 02:00
209,1733238000000,2024-12-04 00:00,long,0.004729225469275233,0.003929225469275233,43.12990217996129,10976.693121129758,11019.823023309718,timeout,1733324400000,2024-12-05 00:00
210,1733335200000,2024-12-05 03:00,long,0.02833641129590503,0.02753641129590503,303.44637917794006,11019.823023309718,11323.269402487658,tp,1733343300000,2024-12-05 05:15
211,1735596000000,2024-12-31 07:00,short,-0.020297798870822836,-0.021097798870822835,-238.89606041382686,11323.269402487658,11084.373342073832,sl,1735633500000,2024-12-31 17:25
212,1736445600000,2025-01-10 03:00,short,-0.016459638566254098,-0.017259638566254096,-191.3122776176163,11084.373342073832,10893.061064456215,sl,1736487300000,2025-01-10 14:35
213,1738944000000,2025-02-08 01:00,short,0.02287732157397182,0.022077321573971822,240.48961204491164,10893.061064456215,11133.550676501127,timeout,1739030400000,2025-02-09 01:00
214,1739311200000,2025-02-12 07:00,long,-0.019400656529050098,-0.020200656529050096,-224.90503316477262,11133.550676501127,10908.645643336355,sl,1739367300000,2025-02-12 22:35
215,1739808000000,2025-02-18 01:00,short,0.0008270360272996102,2.7036027299610194e-05,0.2949264414150155,10908.645643336355,10908.94056977777,timeout,1739894400000,2025-02-19 01:00
216,1739890800000,2025-02-19 00:00,short,-0.0010590939875203542,-0.0018590939875203541,-20.28074582349072,10908.94056977777,10888.659823954278,timeout,1739977200000,2025-02-20 00:00
217,1739912400000,2025-02-19 06:00,long,0.017444135919995718,0.01664413591999572,181.23233409649166,10888.659823954278,11069.89215805077,timeout,1739998800000,2025-02-20 06:00
218,1740416400000,2025-02-25 02:00,long,-0.016411983046636602,-0.0172119830466366,-190.5347961524653,11069.89215805077,10879.357361898305,sl,1740437100000,2025-02-25 07:45
219,1740582000000,2025-02-27 00:00,long,-0.016968410794022448,-0.017768410794022447,-193.30889078118142,10879.357361898305,10686.048471117123,sl,1740586500000,2025-02-27 01:15
220,1741111200000,2025-03-05 03:00,long,0.027845513067678018,0.02704551306767802,289.00966356743885,10686.048471117123,10975.058134684561,tp,1741115400000,2025-03-05 04:10
221,1741370400000,2025-03-08 03:00,long,-0.019148376974514103,-0.0199483769745141,-218.9345969878952,10975.058134684561,10756.123537696665,sl,1741381800000,2025-03-08 06:10
222,1741608000000,2025-03-10 21:00,long,-0.020796408886732065,-0.021596408886732064,-232.29364195630018,10756.123537696665,10523.829895740366,sl,1741614900000,2025-03-10 22:55
223,1741701600000,2025-03-11 23:00,short,-0.016224452105392695,-0.017024452105392694,-179.16243802533165,10523.829895740366,10344.667457715033,sl,1741717500000,2025-03-12 03:25
224,1741770000000,2025-03-12 18:00,long,-0.01500448503628804,-0.01580448503628804,-163.49214204083307,10344.667457715033,10181.1753156742,sl,1741791000000,2025-03-12 23:50
225,1743087600000,2025-03-28 00:00,long,-0.01552975351517294,-0.016329753515172938,-166.2560833997227,10181.1753156742,10014.919232274477,sl,1743140400000,2025-03-28 14:40
226,1743422400000,2025-03-31 21:00,short,-0.01586190497331108,-0.01666190497331108,-166.86763256354288,10014.919232274477,9848.051599710934,sl,1743432600000,2025-03-31 23:50
227,1743508800000,2025-04-01 21:00,short,-0.017231818287408718,-0.018031818287408716,-177.57827693101228,9848.051599710934,9670.473322779922,sl,1743522300000,2025-04-02 00:45
228,1743760800000,2025-04-04 19:00,short,0.02746466500597755,0.026664665005977552,257.85993160116925,9670.473322779922,9928.333254381092,tp,1743765000000,2025-04-04 20:10
229,1744138800000,2025-04-09 04:00,long,-0.022757301796823004,-0.023557301796823003,-233.88474281288927,9928.333254381092,9694.448511568204,sl,1744161000000,2025-04-09 10:10
230,1749132000000,2025-06-05 23:00,short,0.025370477075900233,0.024570477075900234,238.1972249169817,9694.448511568204,9932.645736485185,tp,1749151200000,2025-06-06 04:20
231,1756724400000,2025-09-01 20:00,short,-0.016985243712246634,-0.017785243712246632,-176.65452513079646,9932.645736485185,9755.991211354389,sl,1756782300000,2025-09-02 12:05
232,1756821600000,2025-09-02 23:00,long,0.0037161655903228397,0.0029161655903228397,28.450085870043708,9755.991211354389,9784.441297224432,timeout,1756908000000,2025-09-03 23:00
233,1757080800000,2025-09-05 23:00,short,0.01860090499740008,0.017800904997400082,174.17190998453012,9784.441297224432,9958.613207208962,timeout,1757167200000,2025-09-06 23:00
234,1760868000000,2025-10-19 19:00,short,-0.016571101744647265,-0.017371101744647264,-172.9920832580149,9958.613207208962,9785.621123950947,sl,1760894100000,2025-10-20 02:15
235,1761069600000,2025-10-22 03:00,short,0.02896211859856801,0.02816211859856801,275.58382265335894,9785.621123950947,10061.204946604306,tp,1761086100000,2025-10-22 07:35
236,1761134400000,2025-10-22 21:00,short,-0.020761348701427096,-0.021561348701427095,-216.93314821025862,10061.204946604306,9844.271798394047,sl,1761200100000,2025-10-23 15:15
237,1761872400000,2025-10-31 10:00,long,0.00582524005072349,0.00502524005072349,49.46982891149752,9844.271798394047,9893.741627305544,timeout,1761958800000,2025-11-01 10:00
238,1763013600000,2025-11-13 15:00,long,-0.015168961613427623,-0.01596896161342762,-157.99278025961317,9893.741627305544,9735.74884704593,sl,1763048400000,2025-11-14 00:40
239,1763388000000,2025-11-17 23:00,short,-0.015264060902836052,-0.01606406090283605,-156.39566241366168,9735.74884704593,9579.35318463227,sl,1763390400000,2025-11-17 23:40
240,1763539200000,2025-11-19 17:00,long,-0.01613292238807762,-0.016932922388077618,-162.20644400336238,9579.35318463227,9417.146740628907,sl,1763567100000,2025-11-20 00:45
241,1765987200000,2025-12-18 01:00,short,-0.019231550174819256,-0.020031550174819255,-188.64004743854355,9417.146740628907,9228.506693190364,sl,1766065800000,2025-12-18 22:50
242,1766077200000,2025-12-19 02:00,short,0.027148868019348238,0.02634886801934824,243.16070487454476,9228.506693190364,9471.667398064908,tp,1766078700000,2025-12-19 02:25
243,1766116800000,2025-12-19 13:00,long,0.015336623398453542,0.014536623398453541,137.68606192107993,9471.667398064908,9609.353459985989,timeout,1766203200000,2025-12-20 13:00
244,1766714400000,2025-12-26 11:00,long,0.0001875817453222961,-0.0006124182546777039,-5.884943474545775,9609.353459985989,9603.468516511442,timeout,1766800800000,2025-12-27 11:00
245,1767193200000,2026-01-01 00:00,short,0.005485708598028216,0.004685708598028216,44.99905499871094,9603.468516511442,9648.467571510153,timeout,1767279600000,2026-01-02 00:00
246,1767949200000,2026-01-09 18:00,short,-0.01622587986791646,-0.017025879867916458,-164.2736497820195,9648.467571510153,9484.193921728134,sl,1767972600000,2026-01-10 00:30
247,1768240800000,2026-01-13 03:00,short,-0.015226930686141227,-0.016026930686141225,-152.00251859745873,9484.193921728134,9332.191403130675,sl,1768318500000,2026-01-14 00:35
248,1769025600000,2026-01-22 05:00,long,-0.015547339962913131,-0.01634733996291313,-152.55650546595245,9332.191403130675,9179.634897664722,sl,1769095800000,2026-01-23 00:30
249,1769540400000,2026-01-28 04:00,long,0.009973685746720085,0.009173685746720084,84.21108582080115,9179.634897664722,9263.845983485524,timeout,1769626800000,2026-01-29 04:00
250,1769612400000,2026-01-29 00:00,short,0.026922173698892604,0.026122173698892606,241.99179390039745,9263.845983485524,9505.837777385921,tp,1769698500000,2026-01-29 23:55
