trade_no,timestamp,timestamp_kst,direction,gross_return,size,cost,net_return,pnl_amount,capital_before,capital_after,exit_type,exit_timestamp
1,1628604000000,2021-08-10 23:00,short,-0.013748149687641709,1.0,0.00055,-0.014298149687641709,-142.98149687641708,10000.0,9857.018503123583,sl,1628663100000
2,1628841600000,2021-08-13 17:00,long,0.025767146731129342,1.0,0.00055,0.025217146731129344,248.56588192472432,9857.018503123583,10105.584385048307,tp,1628885100000
3,1628949600000,2021-08-14 23:00,short,-0.012735261070268677,1.0,0.00055,-0.013285261070268678,-134.25532682299732,10105.584385048307,9971.32905822531,sl,1628970300000
4,1629025200000,2021-08-15 20:00,long,0.026893774791107328,1.0,0.00055,0.02634377479110733,262.6824470779119,9971.32905822531,10234.011505303222,tp,1629065100000
5,1629147600000,2021-08-17 06:00,short,-0.012001871420785681,1.0,0.00055,-0.012551871420785682,-128.45599653340736,10234.011505303222,10105.555508769816,sl,1629171000000
6,1629190800000,2021-08-17 18:00,long,-0.013445664364310494,1.0,0.00055,-0.013995664364310495,-141.43396311565132,10105.555508769816,9964.121545654165,sl,1629216000000
7,1629226800000,2021-08-18 04:00,long,-0.014725014066831688,1.0,0.00055,-0.015275014066831688,-152.20209677348808,9964.121545654165,9811.919448880677,sl,1629230700000
8,1629331200000,2021-08-19 09:00,long,-0.012632962802212933,1.0,0.00055,-0.013182962802212933,-129.3501691129036,9811.919448880677,9682.569279767773,sl,1629342300000
9,1629964800000,2021-08-26 17:00,short,-0.013161720975490843,1.0,0.00055,-0.013711720975490843,-132.76468829003502,9682.569279767773,9549.804591477738,sl,1629987000000
10,1630411200000,2021-08-31 21:00,long,-0.012499977840246923,1.0,0.00055,-0.013049977840246923,-124.6247382974728,9549.804591477738,9425.179853180265,sl,1630421700000
11,1630659600000,2021-09-03 18:00,long,0.003833486447931911,1.0,0.00055,0.0032834864479319107,30.947450317238275,9425.179853180265,9456.127303497504,timeout,1630746000000
12,1630753200000,2021-09-04 20:00,short,-0.005027695778238028,1.0,0.00055,-0.005577695778238028,-52.74340133919938,9456.127303497504,9403.383902158304,timeout,1630839600000
13,1630825200000,2021-09-05 16:00,long,0.03333433273826936,1.0,0.00055,0.032784332738269355,308.28366671404353,9403.383902158304,9711.667568872348,tp,1630875000000
14,1631494800000,2021-09-13 10:00,short,0.0314267685095968,1.0,0.00055,0.030876768509596805,299.8649113662303,9711.667568872348,10011.532480238579,tp,1631505300000
15,1631815200000,2021-09-17 03:00,short,-0.01204081407278812,1.0,0.00055,-0.01259081407278812,-126.05334404236325,10011.532480238579,9885.479136196216,sl,1631854800000
16,1632063600000,2021-09-20 00:00,long,-0.014417004202054273,1.0,0.00055,-0.014967004202054273,-147.95600777076862,9885.479136196216,9737.523128425448,sl,1632091500000
17,1632222000000,2021-09-21 20:00,short,0.027560852887668408,1.0,0.00055,0.02701085288766841,263.01880471216845,9737.523128425448,10000.541933137616,tp,1632244800000
18,1633287600000,2021-10-04 04:00,long,-0.016339627283363467,1.0,0.00055,-0.016889627283363465,-168.9054258823415,10000.541933137616,9831.636507255274,sl,1633295100000
19,1633683600000,2021-10-08 18:00,long,-0.012145922550472421,1.0,0.00055,-0.012695922550472421,-124.82169564051016,9831.636507255274,9706.814811614764,sl,1633695000000
20,1634814000000,2021-10-21 20:00,short,0.03251629782401477,1.0,0.00055,0.03196629782401477,310.29093319063537,9706.814811614764,10017.1057448054,tp,1634826000000
21,1635080400000,2021-10-24 22:00,long,-0.012325476005734526,1.0,0.00055,-0.012875476005734526,-128.9750046641474,10017.1057448054,9888.130740141252,sl,1635091200000
22,1635649200000,2021-10-31 12:00,short,0.025453390774379137,1.0,0.00055,0.024903390774379138,246.2479838498884,9888.130740141252,10134.37872399114,tp,1635684600000
23,1635966000000,2021-11-04 04:00,long,-0.012757842331654556,1.0,0.00055,-0.013307842331654557,-134.8667141881486,10134.37872399114,9999.512009802991,sl,1635989400000
24,1636038000000,2021-11-05 00:00,short,-0.013075067637136728,1.0,0.00055,-0.013625067637136728,-136.24402747192678,9999.512009802991,9863.267982331065,sl,1636092300000
25,1636250400000,2021-11-07 11:00,long,0.025967978648231194,1.0,0.00055,0.025417978648231195,250.70433497667338,9863.267982331065,10113.972317307738,tp,1636329900000
26,1636664400000,2021-11-12 06:00,short,0.025494766695928206,1.0,0.00055,0.024944766695928208,252.29067982431792,10113.972317307738,10366.262997132057,tp,1636730100000
27,1636747200000,2021-11-13 05:00,short,-0.012718448477892386,1.0,0.00055,-0.013268448477892386,-137.54422648572898,10366.262997132057,10228.718770646328,sl,1636815300000
28,1637168400000,2021-11-18 02:00,long,-0.012179734563897093,1.0,0.00055,-0.012729734563897093,-130.20887487907956,10228.718770646328,10098.509895767249,sl,1637222700000
29,1637413200000,2021-11-20 22:00,short,-0.01245825489343333,1.0,0.00055,-0.01300825489343333,-131.3639907679992,10098.509895767249,9967.14590499925,sl,1637433000000
30,1637463600000,2021-11-21 12:00,short,-0.014051756126173931,1.0,0.00055,-0.014601756126173931,-145.53783377879222,9967.14590499925,9821.608071220458,sl,1637513400000
31,1637496000000,2021-11-21 21:00,long,-0.015286891508855427,1.0,0.00055,-0.015836891508855425,-155.5437414664172,9821.608071220458,9666.064329754041,sl,1637543700000
32,1637586000000,2021-11-22 22:00,long,0.032825956911895826,1.0,0.00055,0.032275956911895824,311.9814758147546,9666.064329754041,9978.045805568796,tp,1637588100000
33,1637643600000,2021-11-23 14:00,long,-0.013650229506499523,1.0,0.00055,-0.014200229506499523,-141.6905404654418,9978.045805568796,9836.355265103353,sl,1637652000000
34,1637686800000,2021-11-24 02:00,long,-0.01547435966254429,1.0,0.00055,-0.01602435966254429,-157.6212945365773,9836.355265103353,9678.733970566776,sl,1637720400000
35,1637780400000,2021-11-25 04:00,short,-0.012263704344356752,1.0,0.00055,-0.012813704344356752,-124.02043552652478,9678.733970566776,9554.713535040251,sl,1637799600000
36,1637827200000,2021-11-25 17:00,long,0.0263112973530486,1.0,0.00055,0.025761297353048603,246.1418164993701,9554.713535040251,9800.855351539622,tp,1637855700000
37,1638007200000,2021-11-27 19:00,short,-0.01392177957268137,1.0,0.00055,-0.01447177957268137,-141.83581827121597,9800.855351539622,9659.019533268405,sl,1638020100000
38,1638057600000,2021-11-28 09:00,short,-0.017015393165989323,1.0,0.00055,-0.01756539316598932,-169.6644756998302,9659.019533268405,9489.355057568575,sl,1638134700000
39,1638100800000,2021-11-28 21:00,short,-0.018804975610015706,1.0,0.00055,-0.019354975610015705,-183.66623569401895,9489.355057568575,9305.688821874555,sl,1638134700000
40,1638288000000,2021-12-01 01:00,short,-0.013398888816950727,1.0,0.00055,-0.013948888816950727,-129.80401874146938,9305.688821874555,9175.884803133085,sl,1638298800000
41,1638327600000,2021-12-01 12:00,long,0.026659405893717514,1.0,0.00055,0.026109405893717515,239.57690075899598,9175.884803133085,9415.46170389208,tp,1638370800000
42,1638381600000,2021-12-02 03:00,short,0.0251408156791465,1.0,0.00055,0.0245908156791465,231.53388329447282,9415.46170389208,9646.995587186553,tp,1638392700000
43,1638428400000,2021-12-02 16:00,short,-0.0002669212160726353,1.0,0.00055,-0.0008169212160726353,-7.880835366531786,9646.995587186553,9639.114751820021,timeout,1638514800000
44,1638504000000,2021-12-03 13:00,long,-0.013834604942634998,1.0,0.00055,-0.014384604942634998,-138.6548577016562,9639.114751820021,9500.459894118365,sl,1638547500000
45,1639162800000,2021-12-11 04:00,long,-0.012023364568784278,1.0,0.00055,-0.012573364568784278,-119.45274581986389,9500.459894118365,9381.0071482985,sl,1639180500000
46,1639245600000,2021-12-12 03:00,short,-0.012544709448114366,1.0,0.00055,-0.013094709448114366,-122.84156293765278,9381.0071482985,9258.165585360848,sl,1639265400000
47,1639310400000,2021-12-12 21:00,long,0.028883846684049086,1.0,0.00055,0.028333846684049088,262.3194442711538,9258.165585360848,9520.485029632002,tp,1639332600000
48,1639497600000,2021-12-15 01:00,long,0.030635577512296397,1.0,0.00055,0.0300855775122964,286.42929031365105,9520.485029632002,9806.914319945652,tp,1639516200000
49,1639839600000,2021-12-19 00:00,long,0.006945104692406723,1.0,0.00055,0.006395104692406723,62.716243785515125,9806.914319945652,9869.630563731167,timeout,1639926000000
50,1639922400000,2021-12-19 23:00,long,-0.0165803677388916,1.0,0.00055,-0.017130367738891598,-169.07040100371887,9869.630563731167,9700.560162727448,sl,1639923000000
51,1639962000000,2021-12-20 10:00,long,-0.012256127290989904,1.0,0.00055,-0.012806127290989905,-124.22660823779344,9700.560162727448,9576.333554489654,sl,1639982100000
52,1640185200000,2021-12-23 00:00,long,-0.012575366010745714,1.0,0.00055,-0.013125366010745715,-125.6928829436622,9576.333554489654,9450.640671545993,sl,1640218800000
53,1640876400000,2021-12-31 00:00,short,-0.022218598548739976,1.0,0.00055,-0.022768598548739975,-215.17784347882505,9450.640671545993,9235.462828067168,sl,1640939400000
54,1640991600000,2022-01-01 08:00,long,0.03137135009142167,1.0,0.00055,0.03082135009142167,284.64943308016944,9235.462828067168,9520.112261147337,tp,1641058800000
55,1641189600000,2022-01-03 15:00,long,-0.013662442751126602,1.0,0.00055,-0.014212442751126602,-135.30405049585494,9520.112261147337,9384.808210651481,sl,1641226800000
56,1641218400000,2022-01-03 23:00,short,0.028775178055562733,1.0,0.00055,0.028225178055562735,264.88788276294514,9384.808210651481,9649.696093414426,tp,1641241500000
57,1641254400000,2022-01-04 09:00,long,-0.012547960186543805,1.0,0.00055,-0.013097960186543805,-126.39133524378944,9649.696093414426,9523.304758170636,sl,1641321900000
58,1641290400000,2022-01-04 19:00,short,-0.014929338484381605,1.0,0.00055,-0.015479338484381605,-147.41445784164517,9523.304758170636,9375.89030032899,sl,1641304200000
59,1641326400000,2022-01-05 05:00,long,-0.017858651490156974,1.0,0.00055,-0.018408651490156972,-172.5974969486996,9375.89030032899,9203.292803380291,sl,1641411900000
60,1641384000000,2022-01-05 21:00,short,0.035946636860376247,1.0,0.00055,0.035396636860376245,325.76561328096625,9203.292803380291,9529.058416661257,tp,1641412500000
61,1641549600000,2022-01-07 19:00,long,-0.022068686774363355,1.0,0.00055,-0.022618686774363354,-215.53478758107178,9529.058416661257,9313.523629080186,sl,1641562800000
62,1642086000000,2022-01-14 00:00,short,0.025912085979537647,1.0,0.00055,0.02536208597953765,236.2103870531872,9313.523629080186,9549.734016133372,tp,1642089000000
63,1642255200000,2022-01-15 23:00,long,0.006721678239253848,1.0,0.00055,0.0061716782392538475,58.93788561803259,9549.734016133372,9608.671901751404,timeout,1642341300000
64,1642284000000,2022-01-16 07:00,short,0.006171780097007473,1.0,0.00055,0.005621780097007473,54.01784045594099,9608.671901751404,9662.689742207345,timeout,1642370400000
65,1642341600000,2022-01-16 23:00,long,-0.012594090906513866,1.0,0.00055,-0.013144090906513866,-127.00727237301238,9662.689742207345,9535.682469834333,sl,1642391100000
66,1642402800000,2022-01-17 16:00,long,-0.012111353042338013,1.0,0.00055,-0.012661353042338013,-120.7346422502062,9535.682469834333,9414.947827584127,sl,1642435800000
67,1642507200000,2022-01-18 21:00,short,-0.012123565753791032,1.0,0.00055,-0.012673565753791033,-119.32096036139947,9414.947827584127,9295.626867222727,sl,1642541700000
68,1642561200000,2022-01-19 12:00,short,0.005172120082682863,1.0,0.00055,0.004622120082682863,42.96550362411655,9295.626867222727,9338.592370846844,timeout,1642647600000
69,1642672800000,2022-01-20 19:00,long,0.029386020010056857,1.0,0.00055,0.02883602001005686,269.2878364715039,9338.592370846844,9607.880207318347,tp,1642691100000
70,1642986000000,2022-01-24 10:00,short,0.025624073157814564,1.0,0.00055,0.025074073157814566,240.9086912098188,9607.880207318347,9848.788898528166,tp,1643002500000
71,1643065200000,2022-01-25 08:00,short,-0.012262532954400607,1.0,0.00055,-0.012812532954400607,-126.18793232332699,9848.788898528166,9722.60096620484,sl,1643129100000
72,1643223600000,2022-01-27 04:00,short,0.02786746953281638,1.0,0.00055,0.027317469532816382,265.5968556740318,9722.60096620484,9988.197821878872,tp,1643226300000
73,1644375600000,2022-02-09 12:00,short,-0.01663454047364321,1.0,0.00055,-0.01718454047364321,-171.64258972883243,9988.197821878872,9816.55523215004,sl,1644410100000
74,1645023600000,2022-02-17 00:00,long,-0.01371996499763195,1.0,0.00055,-0.01426996499763195,-140.08189956010185,9816.55523215004,9676.473332589938,sl,1645089300000
75,1645070400000,2022-02-17 13:00,short,-0.012421644675524313,1.0,0.00055,-0.012971644675524313,-125.51977378254327,9676.473332589938,9550.953558807394,sl,1645085100000
76,1645444800000,2022-02-21 21:00,long,0.025984906395371654,1.0,0.00055,0.025434906395371656,242.92760975480786,9550.953558807394,9793.881168562202,tp,1645452900000
77,1645473600000,2022-02-22 05:00,long,-0.015178989966897705,1.0,0.00055,-0.015728989966897703,-154.04785863730322,9793.881168562202,9639.8333099249,sl,1645480200000
78,1645653600000,2022-02-24 07:00,long,-0.013261310393219206,1.0,0.00055,-0.013811310393219206,-133.13872998226645,9639.8333099249,9506.694579942632,sl,1645662300000
79,1645747200000,2022-02-25 09:00,short,-0.013305593756244516,1.0,0.00055,-0.013855593756244516,-131.7208980643767,9506.694579942632,9374.973681878255,sl,1645752000000
80,1646528400000,2022-03-06 10:00,short,0.03244339133168128,1.0,0.00055,0.03189339133168128,298.9997043603561,9374.973681878255,9673.973386238611,tp,1646560800000
81,1646582400000,2022-03-07 01:00,short,0.030007090619663446,1.0,0.00055,0.029457090619663447,284.9671106906432,9673.973386238611,9958.940496929254,tp,1646621100000
82,1646668800000,2022-03-08 01:00,short,0.02652982258540304,1.0,0.00055,0.02597982258540304,258.7315072488076,9958.940496929254,10217.67200417806,tp,1646676300000
83,1646881200000,2022-03-10 12:00,short,0.026522495863132378,1.0,0.00055,0.02597249586313238,265.37844385935824,10217.67200417806,10483.050448037418,tp,1646886600000
84,1646985600000,2022-03-11 17:00,long,0.02544018038469953,1.0,0.00055,0.02489018038469953,260.9250166335566,10483.050448037418,10743.975464670975,tp,1647001500000
85,1647097200000,2022-03-13 00:00,long,0.002920770250309346,1.0,0.00055,0.0023707702503093456,25.471497401695476,10743.975464670975,10769.44696207267,timeout,1647183600000
86,1647882000000,2022-03-22 02:00,short,-0.012765910508712341,1.0,0.00055,-0.013315910508712342,-143.40499197528368,10769.44696207267,10626.041970097387,sl,1647900000000
87,1648054800000,2022-03-24 02:00,short,-0.012235929094359443,1.0,0.00055,-0.012785929094359444,-135.86381918335272,10626.041970097387,10490.178150914035,sl,1648079100000
88,1649044800000,2022-04-04 13:00,long,-0.014242087215932897,1.0,0.00055,-0.014792087215932897,-155.1716301189941,10490.178150914035,10335.006520795041,sl,1649094000000
89,1649084400000,2022-04-05 00:00,short,-0.01260382148569028,1.0,0.00055,-0.013153821485690281,-135.94483082798297,10335.006520795041,10199.061689967059,sl,1649103600000
90,1649336400000,2022-04-07 22:00,long,-0.01086837912747407,1.0,0.00055,-0.01141837912747407,-116.45675312054028,10199.061689967059,10082.604936846517,timeout,1649422800000
91,1649408400000,2022-04-08 18:00,short,0.0297692283921297,1.0,0.00055,0.0292192283921297,294.60593643733284,10082.604936846517,10377.21087328385,tp,1649441400000
92,1649437200000,2022-04-09 02:00,short,0.027533140033298764,1.0,0.00055,0.026983140033298766,280.0097341488887,10377.21087328385,10657.220607432739,tp,1649459100000
93,1649617200000,2022-04-11 04:00,long,-0.014417276579241078,1.0,0.00055,-0.014967276579241079,-159.5095683974334,10657.220607432739,10497.711039035305,sl,1649628900000
94,1649782800000,2022-04-13 02:00,short,-0.01297202399336772,1.0,0.00055,-0.01352202399336772,-141.95030054527658,10497.711039035305,10355.760738490028,sl,1649857800000
95,1649858400000,2022-04-13 23:00,long,0.0003134923916383592,1.0,0.00055,-0.00023650760836164085,-2.4492162050256563,10355.760738490028,10353.311522285001,timeout,1649944800000
96,1650301200000,2022-04-19 02:00,short,-0.015619798410932528,1.0,0.00055,-0.016169798410932527,-167.41096020093343,10353.311522285001,10185.900562084067,sl,1650301500000
97,1650463200000,2022-04-20 23:00,short,-0.0181838082557233,1.0,0.00055,-0.018733808255723298,-190.82070804194709,10185.900562084067,9995.07985404212,sl,1650536100000
98,1650916800000,2022-04-26 05:00,long,-0.012917756700682737,1.0,0.00055,-0.013467756700682737,-134.6113036781348,9995.07985404212,9860.468550363985,sl,1650981300000
99,1651068000000,2022-04-27 23:00,short,-0.012037192794121188,1.0,0.00055,-0.012587192794121188,-124.11561868380015,9860.468550363985,9736.352931680185,sl,1651107600000
100,1651240800000,2022-04-29 23:00,long,-0.012170473450824781,1.0,0.00055,-0.012720473450824782,-123.85101897529782,9736.352931680185,9612.501912704887,sl,1651250100000
101,1651417200000,2022-05-02 00:00,short,-0.013220548163294099,1.0,0.00055,-0.0137705481632941,-132.3694205586593,9612.501912704887,9480.132492146227,sl,1651420200000
102,1651759200000,2022-05-05 23:00,short,0.03136165553515513,1.0,0.00055,0.030811655535155132,292.09857677564133,9480.132492146227,9772.231068921868,tp,1651762800000
103,1652558400000,2022-05-15 05:00,short,-0.013598915352961205,1.0,0.00055,-0.014148915352961205,-138.2664702037531,9772.231068921868,9633.964598718116,sl,1652564700000
104,1652680800000,2022-05-16 15:00,long,-0.01486805061308738,1.0,0.00055,-0.01541805061308738,-148.53695378772795,9633.964598718116,9485.427644930387,sl,1652682000000
105,1652896800000,2022-05-19 03:00,long,0.027179351573882515,1.0,0.00055,0.026629351573882517,252.59078758547574,9485.427644930387,9738.018432515863,tp,1652965800000
106,1653325200000,2022-05-24 02:00,short,0.029002973003929067,1.0,0.00055,0.02845297300392907,277.0755755721375,9738.018432515863,10015.094008088,tp,1653333600000
107,1653508800000,2022-05-26 05:00,short,0.02546365508352466,1.0,0.00055,0.024913655083524663,249.51259774657896,10015.094008088,10264.606605834579,tp,1653568500000
108,1653573600000,2022-05-26 23:00,long,0.025170165595013616,1.0,0.00055,0.024620165595013618,252.716314403318,10264.606605834579,10517.322920237897,tp,1653582000000
109,1653663600000,2022-05-28 00:00,short,-0.013114616941282353,1.0,0.00055,-0.013664616941282353,-143.71518895281997,10517.322920237897,10373.607731285078,sl,1653743700000
110,1653750000000,2022-05-29 00:00,short,-0.01229113889004263,1.0,0.00055,-0.01284113889004263,-133.2089376682517,10373.607731285078,10240.398793616825,sl,1653825900000
111,1654452000000,2022-06-06 03:00,long,0.026570237142776287,1.0,0.00055,0.02602023714277629,266.45760504651,10240.398793616825,10506.856398663334,tp,1654480200000
112,1654776000000,2022-06-09 21:00,short,0.01000668101848412,1.0,0.00055,0.00945668101848412,99.35998946917798,10506.856398663334,10606.216388132512,timeout,1654862400000
113,1655046000000,2022-06-13 00:00,short,-0.012098667275857178,1.0,0.00055,-0.012648667275857178,-134.15450214923183,10606.216388132512,10472.061885983281,sl,1655046900000
114,1655323200000,2022-06-16 05:00,long,0.026939737149680898,1.0,0.00055,0.0263897371496809,276.3549605862904,10472.061885983281,10748.416846569571,tp,1655329800000
115,1655470800000,2022-06-17 22:00,short,0.05216010611132493,1.0,0.00055,0.05161010611132493,554.7269339802081,10748.416846569571,11303.143780549779,tp,1655535000000
116,1655503200000,2022-06-18 07:00,short,0.04775788406311632,1.0,0.00055,0.047207884063116316,533.5975011409282,11303.143780549779,11836.741281690707,tp,1655535000000
117,1656414000000,2022-06-28 20:00,short,0.02792122141628761,1.0,0.00055,0.027371221416287613,323.9860664684684,11836.741281690707,12160.727348159176,tp,1656439800000
118,1656532800000,2022-06-30 05:00,short,0.028803503075322645,1.0,0.00055,0.028253503075322647,343.5831475293755,12160.727348159176,12504.310495688553,tp,1656570300000
119,1656666000000,2022-07-01 18:00,long,-0.01914002995430042,1.0,0.00055,-0.019690029954300418,-246.2102482179807,12504.310495688553,12258.100247470573,sl,1656671700000
120,1656885600000,2022-07-04 07:00,short,-0.01239501191528869,1.0,0.00055,-0.01294501191528869,-158.6812537623098,12258.100247470573,12099.418993708263,sl,1656933300000
121,1657702800000,2022-07-13 18:00,long,-0.024273690200136477,1.0,0.00055,-0.024823690200136476,-300.35222870146094,12099.418993708263,11799.066765006803,sl,1657715400000
122,1659578400000,2022-08-04 11:00,long,-0.014018681492012797,1.0,0.00055,-0.014568681492012797,-171.8968456023779,11799.066765006803,11627.169919404425,sl,1659594000000
123,1659704400000,2022-08-05 22:00,short,-0.005420524649499603,1.0,0.00055,-0.005970524649499603,-69.42030460772443,11627.169919404425,11557.749614796701,timeout,1659790800000
124,1660665600000,2022-08-17 01:00,long,-0.013282164339566194,1.0,0.00055,-0.013832164339566194,-159.86869206742585,11557.749614796701,11397.880922729275,sl,1660739100000
125,1660723200000,2022-08-17 17:00,short,0.014362332227297658,1.0,0.00055,0.013812332227297658,157.43131799191474,11397.880922729275,11555.31224072119,timeout,1660809600000
126,1661248800000,2022-08-23 19:00,short,0.004726906701978173,1.0,0.00055,0.004176906701978173,48.26546114171876,11555.31224072119,11603.577701862909,timeout,1661335200000
127,1661320800000,2022-08-24 15:00,long,0.006552079222716944,1.0,0.00055,0.006002079222716944,69.645592633533,11603.577701862909,11673.223294496442,timeout,1661407200000
128,1661392800000,2022-08-25 11:00,long,0.00038509273543430034,1.0,0.00055,-0.0001649072645656997,-1.9249993221600132,11673.223294496442,11671.298295174282,timeout,1661479200000
129,1661421600000,2022-08-25 19:00,short,0.010914184055138554,1.0,0.00055,0.010364184055138554,120.96348369361107,11671.298295174282,11792.261778867893,timeout,1661507700000
130,1661450400000,2022-08-26 03:00,long,-0.01737749388483789,1.0,0.00055,-0.01792749388483789,-211.4057009290617,11792.261778867893,11580.856077938832,sl,1661512200000
131,1661886000000,2022-08-31 04:00,long,0.025829800695982286,1.0,0.00055,0.025279800695982287,292.7617335391488,11580.856077938832,11873.617811477981,tp,1661911200000
132,1661958000000,2022-09-01 00:00,short,-0.012331269790888388,1.0,0.00055,-0.012881269790888389,-152.94727442354562,11873.617811477981,11720.670537054435,sl,1661975400000
133,1662055200000,2022-09-02 03:00,long,0.025066676140472754,1.0,0.00055,0.024516676140472756,287.35188370614446,11720.670537054435,12008.022420760579,tp,1662088500000
134,1662300000000,2022-09-04 23:00,short,-0.013091756825198031,1.0,0.00055,-0.013641756825198031,-163.81052181554162,12008.022420760579,11844.211898945037,sl,1662310200000
135,1662361200000,2022-09-05 16:00,long,0.0050938466635810364,1.0,0.00055,0.004543846663581036,53.81828271976822,11844.211898945037,11898.030181664806,timeout,1662447600000
136,1662422400000,2022-09-06 09:00,long,-0.024299192975627548,1.0,0.00055,-0.024849192975627547,-295.65644801402965,11898.030181664806,11602.373733650777,sl,1662483900000
137,1662480000000,2022-09-07 01:00,short,0.026425229814761142,1.0,0.00055,0.025875229814761144,300.2140867549621,11602.373733650777,11902.587820405739,tp,1662483900000
138,1662649200000,2022-09-09 00:00,long,0.02577678587610266,1.0,0.00055,0.02522678587610266,300.26403431688306,11902.587820405739,12202.851854722621,tp,1662694800000
139,1663185600000,2022-09-15 05:00,long,-0.015004521395846293,1.0,0.00055,-0.015554521395846293,-189.80952026462563,12202.851854722621,12013.042334457996,sl,1663253700000
140,1663380000000,2022-09-17 11:00,long,-9.504395783055397e-05,1.0,0.00055,-0.000645043957830554,-7.748940373004784,12013.042334457996,12005.29339408499,timeout,1663466400000
141,1663516800000,2022-09-19 01:00,long,-0.012292946657571968,1.0,0.00055,-0.012842946657571968,-154.18334266873467,12005.29339408499,11851.110051416255,sl,1663523700000
142,1663617600000,2022-09-20 05:00,long,-0.01329229511755925,1.0,0.00055,-0.01384229511755925,-164.04656280237657,11851.110051416255,11687.06348861388,sl,1663643700000
143,1663675200000,2022-09-20 21:00,long,-0.014643583407757732,1.0,0.00055,-0.015193583407757732,-177.56837390601504,11687.06348861388,11509.495114707865,sl,1663680000000
144,1663776000000,2022-09-22 01:00,short,-0.012872528096768088,1.0,0.00055,-0.013422528096768088,-154.48652155678136,11509.495114707865,11355.008593151084,sl,1663782000000
145,1663819200000,2022-09-22 13:00,long,0.02510779746091929,1.0,0.00055,0.02455779746091929,278.85400119760243,11355.008593151084,11633.862594348686,tp,1663836000000
146,1663923600000,2022-09-23 18:00,short,0.025712958564819144,1.0,0.00055,0.025162958564819145,292.74240241039536,11633.862594348686,11926.60499675908,tp,1663950600000
147,1664121600000,2022-09-26 01:00,long,-0.012011316533982574,1.0,0.00055,-0.012561316533982575,-149.81386054006904,11926.60499675908,11776.791136219012,sl,1664142600000
148,1664157600000,2022-09-26 11:00,long,0.02840612988304758,1.0,0.00055,0.027856129883047583,328.0558234960403,11776.791136219012,12104.846959715052,tp,1664240700000
149,1664186400000,2022-09-26 19:00,short,-0.013139317101282133,1.0,0.00055,-0.013689317101282133,-165.7070884940303,12104.846959715052,11939.139871221023,sl,1664237700000
150,1664474400000,2022-09-30 03:00,short,-0.012325396722079773,1.0,0.00055,-0.012875396722079773,-153.72116236237108,11939.139871221023,11785.418708858651,sl,1664479800000
151,1664553600000,2022-10-01 01:00,short,0.014857250618627416,1.0,0.00055,0.014307250618627415,168.61693911310107,11785.418708858651,11954.035647971752,timeout,1664640000000
152,1664712000000,2022-10-02 21:00,long,-0.012493395418567754,1.0,0.00055,-0.013043395418567754,-155.92121380415037,11954.035647971752,11798.1144341676,sl,1664751900000
153,1664780400000,2022-10-03 16:00,short,-0.013485160849768363,1.0,0.00055,-0.014035160849768363,-165.58843380751614,11798.1144341676,11632.526000360085,sl,1664807400000
154,1664989200000,2022-10-06 02:00,long,-0.015336385129042562,1.0,0.00055,-0.01588638512904256,-184.7987880653214,11632.526000360085,11447.727212294763,sl,1665065100000
155,1665064800000,2022-10-06 23:00,short,0.02517808922787701,1.0,0.00055,0.02462808922787701,281.9356472407912,11447.727212294763,11729.662859535554,tp,1665147000000
156,1665316800000,2022-10-09 21:00,long,-0.013558468648288913,1.0,0.00055,-0.014108468648288913,-165.48758070875624,11729.662859535554,11564.175278826799,sl,1665390300000
157,1665428400000,2022-10-11 04:00,short,0.011787338503309819,1.0,0.00055,0.011237338503309819,129.95055211978394,11564.175278826799,11694.125830946583,timeout,1665514800000
158,1665500400000,2022-10-12 00:00,long,0.0029204058103469155,1.0,0.00055,0.0023704058103469153,27.71982381660373,11694.125830946583,11721.845654763187,timeout,1665586800000
159,1665572400000,2022-10-12 20:00,short,0.02507778030297092,1.0,0.00055,0.02452778030297092,287.51085496536575,11721.845654763187,12009.356509728552,tp,1665657000000
160,1666000800000,2022-10-17 19:00,long,0.009588520654087107,1.0,0.00055,0.009038520654087107,108.54681685547696,12009.356509728552,12117.903326584028,timeout,1666087200000
161,1666130400000,2022-10-19 07:00,short,0.004294865636141343,1.0,0.00055,0.0037448656361413427,45.37991974980739,12117.903326584028,12163.283246333835,timeout,1666216800000
162,1666191600000,2022-10-20 00:00,long,0.00842651871935729,1.0,0.00055,0.00787651871935729,95.80432817859335,12163.283246333835,12259.087574512429,timeout,1666278000000
163,1666360800000,2022-10-21 23:00,long,0.008913868498115596,1.0,0.00055,0.008363868498115596,102.53339638010483,12259.087574512429,12361.620970892533,timeout,1666447200000
164,1666458000000,2022-10-23 02:00,short,0.0006568675238962651,1.0,0.00055,0.0001068675238962651,1.3210558245034294,12361.620970892533,12362.942026717035,timeout,1666544400000
165,1666627200000,2022-10-25 01:00,long,0.025177441882762608,1.0,0.00055,0.02462744188276261,304.46763626293716,12362.942026717035,12667.409662979973,tp,1666713000000
166,1667415600000,2022-11-03 04:00,short,0.011281612706169786,1.0,0.00055,0.010731612706169786,135.9417344934938,12667.409662979973,12803.351397473467,timeout,1667502000000
167,1667491200000,2022-11-04 01:00,short,-0.01622962350531232,1.0,0.00055,-0.016779623505312317,-214.83541605581908,12803.351397473467,12588.515981417648,sl,1667541900000
168,1668088800000,2022-11-10 23:00,long,0.027231723252561624,1.0,0.00055,0.026681723252561625,335.8832995766349,12588.515981417648,12924.399280994283,tp,1668098400000
169,1668430800000,2022-11-14 22:00,short,-0.013227048450541679,1.0,0.00055,-0.013777048450541679,-178.06007508840426,12924.399280994283,12746.339205905879,sl,1668432000000
170,1669100400000,2022-11-22 16:00,short,-0.012482365699406195,1.0,0.00055,-0.013032365699406195,-166.11495386004418,12746.339205905879,12580.224252045835,sl,1669122000000
171,1671048000000,2022-12-15 05:00,short,0.025334251852268452,1.0,0.00055,0.024784251852268454,311.79144622071954,12580.224252045835,12892.015698266554,tp,1671129900000
172,1672416000000,2022-12-31 01:00,long,0.001267377403867842,1.0,0.00055,0.000717377403867842,9.248440752245925,12892.015698266554,12901.2641390188,timeout,1672502400000
173,1677121200000,2023-02-23 12:00,long,-0.015075530237526058,1.0,0.00055,-0.015625530237526056,-201.5890929065488,12901.2641390188,12699.675046112252,sl,1677146700000
174,1677164400000,2023-02-24 00:00,short,0.009200850526789317,1.0,0.00055,0.008650850526789317,109.86299056271332,12699.675046112252,12809.538036674965,timeout,1677250800000
175,1677369600000,2023-02-26 09:00,long,0.017131704027441907,1.0,0.00055,0.01658170402744191,212.4039684524036,12809.538036674965,13021.942005127368,timeout,1677456000000
176,1677513600000,2023-02-28 01:00,short,0.0005902623694998832,1.0,0.00055,4.0262369499883166e-05,0.5242942406164876,13021.942005127368,13022.466299367985,timeout,1677600000000
177,1677981600000,2023-03-05 11:00,long,-0.014858137110145608,1.0,0.00055,-0.015408137110145608,-200.6519462529124,13022.466299367985,12821.814353115073,sl,1677983700000
178,1683036000000,2023-05-02 23:00,long,0.026542271719854238,1.0,0.00055,0.02599227171985424,333.2680826076941,12821.814353115073,13155.082435722767,tp,1683053400000
179,1683118800000,2023-05-03 22:00,short,-0.01588758113080102,1.0,0.00055,-0.01643758113080102,-216.23773481956846,13155.082435722767,12938.844700903199,sl,1683135600000
180,1685016000000,2023-05-25 21:00,short,-0.0065086855384310915,1.0,0.00055,-0.007058685538431092,-91.33123597427118,12938.844700903199,12847.513464928928,timeout,1685102400000
181,1686067200000,2023-06-07 01:00,short,-0.012815234272517184,1.0,0.00055,-0.013365234272517184,-171.71002727809412,12847.513464928928,12675.803437650835,sl,1686071400000
182,1686150000000,2023-06-08 00:00,short,-0.01254165185606193,1.0,0.00055,-0.01309165185606193,-165.94720560159774,12675.803437650835,12509.856232049236,sl,1686234900000
183,1686578400000,2023-06-12 23:00,short,-0.012800639449948692,1.0,0.00055,-0.013350639449948692,-167.01458012478304,12509.856232049236,12342.841651924453,sl,1686623700000
184,1686769200000,2023-06-15 04:00,long,-0.018468730156585678,1.0,0.00055,-0.019018730156585676,-234.74517474341735,12342.841651924453,12108.096477181036,sl,1686773100000
185,1689026400000,2023-07-11 07:00,short,-0.012162316329348055,1.0,0.00055,-0.012712316329348055,-153.92195256419015,12108.096477181036,11954.174524616847,sl,1689058200000
186,1690934400000,2023-08-02 09:00,long,-0.012713641562221656,1.0,0.00055,-0.013263641562221656,-158.5558860667593,11954.174524616847,11795.618638550088,sl,1690985700000
187,1690984800000,2023-08-02 23:00,short,0.006113794141712758,1.0,0.00055,0.005563794141712758,65.6283938790428,11795.618638550088,11861.24703242913,timeout,1691071200000
188,1692036000000,2023-08-15 03:00,short,0.004614358157719933,1.0,0.00055,0.004064358157719933,48.20835613698468,11861.24703242913,11909.455388566115,timeout,1692122400000
189,1692626400000,2023-08-21 23:00,short,0.003645808374624915,1.0,0.00055,0.0030958083746249147,36.869391729144795,11909.455388566115,11946.32478029526,timeout,1692712800000
190,1692802800000,2023-08-24 00:00,long,0.02519890589759588,1.0,0.00055,0.024648905897595882,294.46383533161566,11946.32478029526,12240.788615626874,tp,1692819600000
191,1692975600000,2023-08-26 00:00,short,-0.008726067675416616,1.0,0.00055,-0.009276067675416616,-113.54638359902415,12240.788615626874,12127.24223202785,timeout,1693062000000
192,1696518000000,2023-10-06 00:00,short,0.025529357688228504,1.0,0.00055,0.024979357688228506,302.9307214856143,12127.24223202785,12430.172953513464,tp,1696597200000
193,1696600800000,2023-10-06 23:00,long,0.015687401862765293,1.0,0.00055,0.015137401862765293,188.16052322100947,12430.172953513464,12618.333476734473,timeout,1696687200000
194,1699225200000,2023-11-06 08:00,long,-0.012209418816317097,1.0,0.00055,-0.012759418816317097,-161.00260159360977,12618.333476734473,12457.330875140864,sl,1699248600000
195,1700582400000,2023-11-22 01:00,long,-0.013958596215044472,1.0,0.00055,-0.014508596215044472,-180.73838358462538,12457.330875140864,12276.59249155624,sl,1700606700000
196,1702915200000,2023-12-19 01:00,short,-0.012092574244849219,1.0,0.00055,-0.01264257424484922,-155.2077320482582,12276.59249155624,12121.38475950798,sl,1702931700000
197,1705215600000,2024-01-14 16:00,long,-0.013873486187607531,1.0,0.00055,-0.014423486187607531,-174.8326256534398,12121.38475950798,11946.55213385454,sl,1705267200000
198,1705413600000,2024-01-16 23:00,short,-0.013134866473866191,1.0,0.00055,-0.013684866473866191,-163.4869707748806,11946.55213385454,11783.06516307966,sl,1705440000000
199,1705593600000,2024-01-19 01:00,short,0.029308007020303672,1.0,0.00055,0.028758007020303674,338.85747068054053,11783.06516307966,12121.922633760201,tp,1705601400000
200,1706263200000,2024-01-26 19:00,short,-0.013175108971520855,1.0,0.00055,-0.013725108971520855,-166.37470909270385,12121.922633760201,11955.547924667497,sl,1706265600000
201,1706414400000,2024-01-28 13:00,short,-0.012066529356795419,1.0,0.00055,-0.01261652935679542,-150.83752136814203,11955.547924667497,11804.710403299354,sl,1706418000000
202,1707145200000,2024-02-06 00:00,short,0.0035981375166813656,1.0,0.00055,0.0030481375166813655,35.98238065385557,11804.710403299354,11840.692783953209,timeout,1707231600000
203,1709654400000,2024-03-06 01:00,short,0.02715991991037381,1.0,0.00055,0.02660991991037381,315.079886664336,11840.692783953209,12155.772670617545,tp,1709658300000
204,1709920800000,2024-03-09 03:00,long,-0.001986711852901224,1.0,0.00055,-0.002536711852901224,-30.835692614728295,12155.772670617545,12124.936978002817,timeout,1710007200000
205,1710777600000,2024-03-19 01:00,long,-0.015778946643493552,1.0,0.00055,-0.01632894664349355,-197.98744896952994,12124.936978002817,11926.949529033287,sl,1710811500000
206,1711238400000,2024-03-24 09:00,short,-0.012778481106459516,1.0,0.00055,-0.013328481106459516,-158.9681214554164,11926.949529033287,11767.98140757787,sl,1711268100000
207,1712163600000,2024-04-04 02:00,long,-0.012053837860187322,1.0,0.00055,-0.012603837860187322,-148.32172960281045,11767.98140757787,11619.65967797506,sl,1712204100000
208,1712318400000,2024-04-05 21:00,short,-0.012524380709329375,1.0,0.00055,-0.013074380709329375,-151.9198543426895,11619.65967797506,11467.73982363237,sl,1712324700000
209,1712757600000,2024-04-10 23:00,long,0.026177068858317165,1.0,0.00055,0.025627068858317167,293.8845581094927,11467.73982363237,11761.624381741862,tp,1712769600000
210,1713031200000,2024-04-14 03:00,short,0.04216863403625648,1.0,0.00055,0.04161863403625648,489.5027408156259,11761.624381741862,12251.127122557487,tp,1713038100000
211,1713499200000,2024-04-19 13:00,long,0.03212331987914707,1.0,0.00055,0.03157331987914707,386.8087555206022,12251.127122557487,12637.93587807809,tp,1713509100000
212,1713603600000,2024-04-20 18:00,short,-0.018042282823574007,1.0,0.00055,-0.018592282823574006,-234.96807815142094,12637.93587807809,12402.967799926668,sl,1713627900000
213,1713880800000,2024-04-23 23:00,long,-0.006265120076451636,1.0,0.00055,-0.006815120076451636,-84.52771486086341,12402.967799926668,12318.440085065804,timeout,1713967200000
214,1714143600000,2024-04-27 00:00,short,0.011952699892457064,1.0,0.00055,0.011402699892457064,140.46347543321863,12318.440085065804,12458.903560499022,timeout,1714230000000
215,1714446000000,2024-04-30 12:00,long,-0.012785883907186713,1.0,0.00055,-0.013335883907186713,-166.15049149365015,12458.903560499022,12292.753069005372,sl,1714464900000
216,1714651200000,2024-05-02 21:00,long,0.013457414366379927,1.0,0.00055,0.012907414366379927,158.6676575652409,12292.753069005372,12451.420726570612,timeout,1714737600000
217,1717333200000,2024-06-02 22:00,short,-0.013038737564342595,1.0,0.00055,-0.013588737564342595,-169.19908855658403,12451.420726570612,12282.221638014027,sl,1717395300000
218,1717430400000,2024-06-04 01:00,long,-0.012067382680018501,1.0,0.00055,-0.012617382680018501,-154.96949056762665,12282.221638014027,12127.252147446401,sl,1717458000000
219,1718654400000,2024-06-18 05:00,short,0.027459277100470803,1.0,0.00055,0.026909277100470804,326.33558850291485,12127.252147446401,12453.587735949315,tp,1718675100000
220,1718881200000,2024-06-20 20:00,long,-0.012804653376278008,1.0,0.00055,-0.013354653376278008,-166.3133475046699,12453.587735949315,12287.274388444645,sl,1718890200000
221,1720436400000,2024-07-08 20:00,short,0.02646678146163861,1.0,0.00055,0.025916781461638613,318.4466050845091,12287.274388444645,12605.720993529154,tp,1720449300000
222,1722279600000,2024-07-30 04:00,long,-0.022286654069044398,1.0,0.00055,-0.022836654069044397,-287.8724896201159,12605.720993529154,12317.848503909037,sl,1722298800000
223,1722564000000,2024-08-02 11:00,short,-0.0122959023190643,1.0,0.00055,-0.0128459023190643,-158.23387866224783,12317.848503909037,12159.61462524679,sl,1722606300000
224,1723093200000,2024-08-08 14:00,short,-0.012019490971301172,1.0,0.00055,-0.012569490971301172,-152.8401662465412,12159.61462524679,12006.77445900025,sl,1723116600000
225,1723478400000,2024-08-13 01:00,short,0.027819254613484334,1.0,0.00055,0.027269254613484336,327.41578980915847,12006.77445900025,12334.190248809407,tp,1723488600000
226,1723762800000,2024-08-16 08:00,long,0.026181386464445566,1.0,0.00055,0.025631386464445568,316.14239699322997,12334.190248809407,12650.332645802637,tp,1723831200000
227,1724180400000,2024-08-21 04:00,long,0.02616319093959918,1.0,0.00055,0.02561319093959918,324.0153855063878,12650.332645802637,12974.348031309024,tp,1724266500000
228,1724400000000,2024-08-23 17:00,short,-0.016170846442487674,1.0,0.00055,-0.016720846442487673,-216.94208112291042,12974.348031309024,12757.405950186114,sl,1724422500000
229,1725098400000,2024-08-31 19:00,short,0.011827945113304983,1.0,0.00055,0.011277945113304983,143.8773240943494,12757.405950186114,12901.283274280464,timeout,1725184800000
230,1725174000000,2024-09-01 16:00,long,-0.012732647901046223,1.0,0.00055,-0.013282647901046224,-171.36320320392414,12901.283274280464,12729.92007107654,sl,1725229800000
231,1725271200000,2024-09-02 19:00,short,-0.012599933684559694,1.0,0.00055,-0.013149933684559694,-167.39760474440195,12729.92007107654,12562.522466332139,sl,1725310500000
232,1725530400000,2024-09-05 19:00,short,0.02518648908905563,1.0,0.00055,0.024636489089055632,309.49644767280796,12562.522466332139,12872.018914004946,tp,1725608100000
233,1725613200000,2024-09-06 18:00,long,-0.0128663061588693,1.0,0.00055,-0.0134163061588693,-172.6949466330467,12872.018914004946,12699.3239673719,sl,1725632100000
234,1726070400000,2024-09-12 01:00,long,0.02996654007027355,1.0,0.00055,0.029416540070273552,373.5701723515808,12699.3239673719,13072.894139723481,tp,1726106400000
235,1726228800000,2024-09-13 21:00,short,-0.017572913076192576,1.0,0.00055,-0.018122913076192574,-236.91892414847595,13072.894139723481,12835.975215575005,sl,1726241100000
236,1726689600000,2024-09-19 05:00,short,-0.012115003972885896,1.0,0.00055,-0.012665003972885896,-162.56767710112234,12835.975215575005,12673.407538473883,sl,1726698600000
237,1727902800000,2024-10-03 06:00,long,-0.012934445913749149,1.0,0.00055,-0.013484445913749149,-170.89387849545182,12673.407538473883,12502.513659978431,sl,1727961300000
238,1727960400000,2024-10-03 22:00,short,-0.013835085319942708,1.0,0.00055,-0.014385085319942708,-179.8497257125389,12502.513659978431,12322.663934265893,sl,1728023100000
239,1728054000000,2024-10-05 00:00,long,0.015032547931963292,1.0,0.00055,0.014482547931963291,178.46357107748113,12322.663934265893,12501.127505343375,timeout,1728140400000
240,1728316800000,2024-10-08 01:00,short,0.025765937411892814,1.0,0.00055,0.025215937411892816,315.2276487528303,12501.127505343375,12816.355154096205,tp,1728372000000
241,1729008000000,2024-10-16 01:00,long,0.02505644179125288,1.0,0.00055,0.024506441791252883,314.08326155988254,12816.355154096205,13130.438415656088,tp,1729074000000
242,1730476800000,2024-11-02 01:00,short,0.0021996211963237755,1.0,0.00055,0.0016496211963237754,21.660249527490254,13130.438415656088,13152.09866518358,timeout,1730563200000
243,1731960000000,2024-11-19 05:00,long,0.027014323774048554,1.0,0.00055,0.026464323774048556,348.06139738365005,13152.09866518358,13500.160062567229,tp,1732037700000
244,1732024800000,2024-11-19 23:00,short,-0.012582565883911156,1.0,0.00055,-0.013132565883911157,-177.2917414650103,13500.160062567229,13322.868321102218,sl,1732027500000
245,1735581600000,2024-12-31 03:00,long,-0.013354073178828973,1.0,0.00055,-0.013904073178828974,-185.24213608850755,13322.868321102218,13137.62618501371,sl,1735594800000
246,1736445600000,2025-01-10 03:00,short,-0.012266691724978518,1.0,0.00055,-0.012816691724978518,-168.38090481132633,13137.62618501371,12969.245280202384,sl,1736481600000
247,1736726400000,2025-01-13 09:00,long,-0.013141746751444194,1.0,0.00055,-0.013691746751444194,-177.57162193389394,12969.245280202384,12791.67365826849,sl,1736751000000
248,1739160000000,2025-02-10 13:00,long,0.009602587862515222,1.0,0.00055,0.009052587862515222,115.79774970009701,12791.67365826849,12907.471407968587,timeout,1739246400000
249,1739808000000,2025-02-18 01:00,short,0.0008270360272996102,1.0,0.00055,0.0002770360272996102,3.5758346013469238,12907.471407968587,12911.047242569934,timeout,1739894400000
250,1739912400000,2025-02-19 06:00,long,0.017444135919995718,1.0,0.00055,0.01689413591999572,218.1209869854624,12911.047242569934,13129.168229555396,timeout,1739998800000
251,1740150000000,2025-02-22 00:00,short,0.027780686246987263,1.0,0.00055,0.027230686246987264,357.51626074293625,13129.168229555396,13486.684490298332,tp,1740165600000
252,1740416400000,2025-02-25 02:00,long,-0.012975118221687398,1.0,0.00055,-0.013525118221687399,-182.4090021498828,13486.684490298332,13304.275488148449,sl,1740435000000
253,1740571200000,2025-02-26 21:00,short,0.025193808289877717,1.0,0.00055,0.02464380828987772,327.8680145656497,13304.275488148449,13632.143502714098,tp,1740579000000
254,1741280400000,2025-03-07 02:00,short,-0.01535706341004639,1.0,0.00055,-0.01590706341004639,-216.84737111252502,13632.143502714098,13415.296131601574,sl,1741298400000
255,1741370400000,2025-03-08 03:00,long,-0.019148376974514103,1.0,0.00055,-0.0196983769745141,-264.25956042502855,13415.296131601574,13151.036571176544,sl,1741381800000
256,1741608000000,2025-03-10 21:00,long,-0.013524332447046428,1.0,0.00055,-0.014074332447046428,-185.09206072600423,13151.036571176544,12965.94451045054,sl,1741614600000
257,1741680000000,2025-03-11 17:00,short,-0.01265254728366716,1.0,0.00055,-0.01320254728366716,-171.18349547662788,12965.94451045054,12794.761014973912,sl,1741683000000
258,1741770000000,2025-03-12 18:00,long,-0.014054925838339338,1.0,0.00055,-0.014604925838339338,-186.86653574296935,12794.761014973912,12607.894479230943,sl,1741790400000
259,1741798800000,2025-03-13 02:00,long,0.02544795366310093,1.0,0.00055,0.024897953663100932,313.9107725331581,12607.894479230943,12921.8052517641,tp,1741831500000
260,1742173200000,2025-03-17 10:00,long,0.00791201179044898,1.0,0.00055,0.0073620117904489805,95.13048261737286,12921.8052517641,13016.935734381474,timeout,1742259600000
261,1743418800000,2025-03-31 20:00,long,0.02526230963949505,1.0,0.00055,0.024712309639495052,321.6785464254429,13016.935734381474,13338.614280806916,tp,1743498000000
262,1743451200000,2025-04-01 05:00,short,-0.012113986451207204,1.0,0.00055,-0.012663986451207204,-168.9200305300177,13338.614280806916,13169.694250276898,sl,1743490500000
263,1743760800000,2025-04-04 19:00,short,0.02746466500597755,1.0,0.00055,0.026914665005977553,354.4579089773514,13169.694250276898,13524.152159254249,tp,1743765000000
264,1744052400000,2025-04-08 04:00,short,-0.013210071504814014,1.0,0.00055,-0.013760071504814014,-186.0933007533233,13524.152159254249,13338.058858500925,sl,1744064700000
265,1744124400000,2025-04-09 00:00,short,0.02597968281623908,1.0,0.00055,0.025429682816239082,339.18260615600644,13338.058858500925,13677.24146465693,tp,1744133100000
266,1744826400000,2025-04-17 03:00,short,-0.013383417022037047,1.0,0.00055,-0.013933417022037048,-190.5707090381618,13677.24146465693,13486.670755618768,sl,1744872000000
267,1756724400000,2025-09-01 20:00,short,-0.012720031606457072,1.0,0.00055,-0.013270031606457072,-178.96854719294134,13486.670755618768,13307.702208425828,sl,1756781400000
268,1756767600000,2025-09-02 08:00,long,0.025836739716670554,1.0,0.00055,0.025286739716670555,336.5084019714258,13307.702208425828,13644.210610397253,tp,1756823100000
269,1756828800000,2025-09-03 01:00,short,-0.013164104600630111,1.0,0.00055,-0.013714104600630111,-187.11813150401514,13644.210610397253,13457.092478893237,sl,1756910700000
270,1760871600000,2025-10-19 20:00,long,0.025501604272130107,1.0,0.00055,0.02495160427213011,335.77604618680243,13457.092478893237,13792.868525080039,tp,1760939100000
271,1761069600000,2025-10-22 03:00,short,0.02896211859856801,1.0,0.00055,0.02841211859856801,391.8846163490299,13792.868525080039,14184.75314142907,tp,1761086100000
272,1761660000000,2025-10-28 23:00,long,-0.013480606038296372,1.0,0.00055,-0.014030606038296372,-199.02068307787815,14184.75314142907,13985.73245835119,sl,1761679200000
273,1762786800000,2025-11-11 00:00,short,-0.012438037471447227,1.0,0.00055,-0.012988037471447228,-181.64721723470103,13985.73245835119,13804.08524111649,sl,1762806900000
274,1762974000000,2025-11-13 04:00,long,0.02501036347836294,1.0,0.00055,0.024460363478362942,337.6529424840147,13804.08524111649,14141.738183600506,tp,1763018700000
275,1763046000000,2025-11-14 00:00,short,0.027135517254654906,1.0,0.00055,0.026585517254654908,375.9654244909234,14141.738183600506,14517.70360809143,tp,1763055600000
276,1763546400000,2025-11-19 19:00,short,0.02625682849636224,1.0,0.00055,0.02570682849636224,373.2041168142257,14517.70360809143,14890.907724905655,tp,1763573700000
277,1763866800000,2025-11-23 12:00,long,0.01778991834794108,1.0,0.00055,0.017239918347941082,256.7180333040986,14890.907724905655,15147.625758209753,timeout,1763953200000
278,1764640800000,2025-12-02 11:00,long,0.026168830229091666,1.0,0.00055,0.025618830229091668,388.0644526733916,15147.625758209753,15535.690210883145,tp,1764685500000
279,1765123200000,2025-12-08 01:00,short,-0.012966018719871242,1.0,0.00055,-0.013516018719871242,-209.980679716417,15535.690210883145,15325.709531166729,sl,1765128300000
280,1765767600000,2025-12-15 12:00,long,-0.017319387881238768,1.0,0.00055,-0.017869387881238766,-273.8610481676162,15325.709531166729,15051.848482999112,sl,1765810500000
281,1766116800000,2025-12-19 13:00,long,0.015336623398453542,1.0,0.00055,0.014786623398453541,222.56601496869212,15051.848482999112,15274.414497967804,timeout,1766203200000
282,1766714400000,2025-12-26 11:00,long,0.0001875817453222961,1.0,0.00055,-0.00036241825467770393,-5.535726643577309,15274.414497967804,15268.878771324227,timeout,1766800800000
283,1767193200000,2026-01-01 00:00,short,0.005485708598028216,1.0,0.00055,0.004935708598028216,75.3627362338755,15268.878771324227,15344.241507558103,timeout,1767279600000
284,1767949200000,2026-01-09 18:00,short,-0.01622587986791646,1.0,0.00055,-0.016775879867916458,-257.41315219509204,15344.241507558103,15086.828355363012,sl,1767972600000
285,1769025600000,2026-01-22 05:00,long,-0.014137578306987142,1.0,0.00055,-0.014687578306987142,-221.58897287346826,15086.828355363012,14865.239382489544,sl,1769095500000
286,1769194800000,2026-01-24 04:00,short,0.01120028772599635,1.0,0.00055,0.01065028772599635,158.31907653932595,14865.239382489544,15023.55845902887,timeout,1769281200000
287,1769392800000,2026-01-26 11:00,long,0.012027082072894935,1.0,0.00055,0.011477082072894934,172.4266134612093,15023.55845902887,15195.98507249008,timeout,1769479200000
288,1769612400000,2026-01-29 00:00,short,0.026922173698892604,1.0,0.00055,0.026372173698892606,400.75115785748756,15195.98507249008,15596.736230347567,tp,1769698500000
289,1770019200000,2026-02-02 17:00,short,-0.013325323789714183,1.0,0.00055,-0.013875323789714183,-216.40976525883872,15596.736230347567,15380.326465088729,sl,1770025800000
